record_id,muni_name,hybrid,veh_type,fuel,year,make_name,q1_2010,q2_2010,q3_2010,q4_2010,mi_per_day,mpg_adj,gal_perday,co2eqv_day,curbwt,msrp,mpg2008,veh_zip
5555379,BOSTON,0,Car,Gasoline,1998,Saab,0,0,0,1,21.44,15.38,1.39,12.63,3000,28000,20,02115
10498806,BOSTON,0,Car,Gasoline,1999,Buick,1,0,0,0,0.86,16.82,0.05,0.46,3400,19000,21,02121
1149607,BOSTON,0,Car,Gasoline,2003,Mercedes,1,0,0,0,26.37,14.76,1.79,16.18,3800,56000,17,02124
8723599,BOSTON,0,Car,Gasoline,2004,Nissan,1,1,1,1,124.38,23.44,5.31,48.06,2500,14000,27,02128
12711442,BOSTON,0,Car,Gasoline,2001,Honda,0,0,1,0,25.11,19.18,1.31,11.86,3000,19000,23,02119
9578598,BOSTON,0,SUV,Gasoline,2005,Nissan,1,1,1,1,0,14.17,0.00,0.00,4300,26000,16,02124
14857573,BOSTON,0,Car,Gasoline,1999,Honda,1,1,1,0,30.47,18.42,1.65,14.98,3000,19000,23,02124
14349187,BOSTON,0,Car,Gasoline,2001,Ford,1,1,0,0,0,15.84,0.00,0.00,3500,21000,19,02122
15982634,BOSTON,0,Car,Gasoline,2008,Dodge,0,1,1,1,0,23.53,0.00,0.00,3000,14000,25,02115
10728982,BOSTON,0,SUV,Gasoline,2004,Volvo,1,1,1,1,35.01,15.95,2.20,19.89,4500,37000,18,02122
1114781,BOSTON,0,Car,Gasoline,2005,Toyota,0,0,0,1,7.44,22.15,0.34,3.04,3200,21000,25,02121
3117264,BOSTON,0,Car,Gasoline,2006,Volkswagen,0,0,1,1,5.5,20.79,0.26,2.39,3300,21000,23,02116
8398229,BOSTON,0,Car,Gasoline,2004,Honda,1,0,0,0,3.91,22.15,0.18,1.60,3100,20000,25,02116
1295796,BOSTON,0,SUV,Gasoline,2006,Toyota,0,0,0,1,43.47,20.29,2.14,19.40,3700,27000,22,02127
13206368,BOSTON,0,Car,Gasoline,2010,Honda,0,0,1,1,0,28.42,0.00,0.00,2800,21000,29,02125
15113480,BOSTON,0,SUV,Gasoline,1999,Jeep,1,1,0,0,30.39,12.81,2.37,21.48,3400,23000,16,02127
8026459,BOSTON,0,Van,Gasoline,2005,Dodge,0,1,1,1,0,17.72,0.00,0.00,4100,24000,20,02122
5552783,BOSTON,0,Car,Gasoline,2004,Volvo,1,1,1,0,19.27,20.37,0.95,8.56,3100,25000,23,02127
8792234,BOSTON,0,Car,Gasoline,2007,Honda,1,0,0,0,9.47,27.29,0.35,3.14,2800,18000,29,02215
617441,BOSTON,0,Car,Gasoline,2006,Toyota,1,1,1,1,12.6,22.60,0.56,5.05,3200,21000,25,02127
10405223,BOSTON,0,SUV,Gasoline,2008,Acura,1,1,0,0,24.96,18.25,1.37,12.39,3900,37000,19,02127
2619507,BOSTON,0,Car,Gasoline,2000,Ford,1,0,0,0,12.39,17.16,0.72,6.54,3300,20000,21,02127
15423936,BOSTON,0,Car,Gasoline,2008,Subaru,0,0,1,1,0,21.65,0.00,0.00,3300,22000,23,02118
8956460,BOSTON,0,Car,Gasoline,1997,Dodge,0,0,0,1,0,20.35,0.00,0.00,2400,12000,27,02128
7563638,BOSTON,0,Car,Gasoline,2001,Volkswagen,1,0,0,0,3.46,19.18,0.18,1.63,3000,22000,23,02116
4256591,BOSTON,0,SUV,Gasoline,1999,Toyota,0,0,0,1,17.89,12.56,1.42,12.90,3900,36000,16,02128
2318411,BOSTON,0,Car,Gasoline,2008,Ford,0,0,1,1,3.9,26.35,0.15,1.34,2600,16000,28,02124
15384037,BOSTON,0,Car,Gasoline,2009,Nissan,0,0,0,1,34.18,26.89,1.27,11.51,2900,18000,28,02118
10631779,BOSTON,0,Car,Gasoline,2000,Saab,1,1,1,0,20.37,15.52,1.31,11.88,3500,39000,19,02113
5299945,BOSTON,0,SUV,Gasoline,1999,Jeep,1,0,0,0,8.96,12.81,0.70,6.33,3400,23000,16,02118
6414922,BOSTON,0,SUV,Gasoline,2007,Toyota,1,1,1,0,55.35,16.94,3.27,29.59,3900,31000,18,02119
14631668,BOSTON,0,Car,Gasoline,1993,Toyota,1,0,0,0,1.45,14.90,0.10,0.88,3100,18000,21,02127
10360732,BOSTON,0,Car,Gasoline,2003,Volkswagen,1,1,1,1,10.82,20.84,0.52,4.70,2900,19000,24,02127
1958565,BOSTON,0,Van,Gasoline,2001,Chevrolet,0,0,1,1,10.1,16.34,0.62,5.60,3800,28000,20,02118
11072805,BOSTON,0,Car,Gasoline,2000,Saturn,1,1,1,1,0,16.01,0.00,0.00,3200,21000,20,02114
4078825,BOSTON,0,Car,Gasoline,2006,Bmw,1,1,1,1,13.02,18.98,0.69,6.21,3600,33000,21,02113
10470094,BOSTON,0,SUV,Diesel,2008,Mercedes,0,1,1,1,0,18.82,0.00,0.00,4800,45000,20,02127
4608005,BOSTON,0,SUV,Gasoline,2003,Toyota,1,1,0,0,30.44,19.10,1.59,14.43,2900,19000,22,02120
11257899,BOSTON,0,Truck,Gasoline,2002,Toyota,1,1,1,1,31.84,11.67,2.73,24.70,4500,27000,14,02128
7824085,BOSTON,0,Car,Gasoline,2002,Nissan,1,1,0,0,15.5,22.97,0.67,6.11,2600,14000,27,02128
482445,BOSTON,0,Car,Gasoline,2001,Ford,0,1,1,1,8.88,16.34,0.54,4.92,3400,20000,20,02125
15820324,BOSTON,0,SUV,Gasoline,2009,Toyota,0,0,0,1,0,22.09,0.00,0.00,3500,23000,23,02127
8016446,BOSTON,0,Car,Gasoline,2000,Nissan,1,1,0,0,22.28,17.98,1.24,11.22,3000,19000,22,02127
8847410,BOSTON,0,SUV,Gasoline,2005,Volkswagen,1,1,1,0,14.4,14.46,1.00,9.02,5100,38000,16,02115
10295739,BOSTON,0,Car,Gasoline,2009,Honda,0,1,1,1,32.25,28.81,1.12,10.14,2500,16000,30,02127
5873312,BOSTON,0,Car,Gasoline,1998,Volvo,0,1,1,1,0,16.15,0.00,0.00,3200,29000,21,02127
4350075,BOSTON,0,Car,Gasoline,1995,Volvo,1,1,1,0,20.57,15.51,1.33,12.01,3300,28000,21,02116
2199532,BOSTON,0,Van,Gasoline,2002,Ford,1,1,0,0,16,12.76,1.25,11.36,5400,23000,15,02127
835194,BOSTON,0,Car,Gasoline,2001,Volvo,1,0,0,0,27.36,20.01,1.37,12.38,2800,26000,24,02127
11854055,BOSTON,0,Car,Gasoline,2000,Mercury,0,0,1,1,44.54,16.82,2.65,23.99,3300,22000,21,02124
10796598,BOSTON,0,Car,Gasoline,1995,Chrysler,1,1,0,0,0,14.03,0.00,0.00,3400,21000,19,02118
13170385,BOSTON,0,Car,Gasoline,1999,Subaru,1,0,0,0,25.9,16.01,1.62,14.65,3200,24000,20,02118
8534102,BOSTON,0,SUV,Gasoline,2000,Lexus,1,1,1,0,0,14.71,0.00,0.00,3900,35000,18,02119
15238750,BOSTON,0,Car,Gasoline,2005,Ford,1,1,0,0,1.21,22.60,0.05,0.48,2700,16000,25,02114
1546129,BOSTON,0,Car,Gasoline,2005,Honda,1,0,0,0,37.98,27.12,1.40,12.68,2600,18000,30,02128
1850962,BOSTON,0,SUV,Gasoline,2007,Jeep,0,1,1,1,13.54,14.76,0.92,8.31,3800,19000,16,02127
876109,BOSTON,0,Car,Gasoline,2008,Nissan,0,1,1,1,34.71,22.59,1.54,13.91,3400,21000,24,02118
430156,BOSTON,0,SUV,Gasoline,2007,Acura,1,1,1,0,20.51,17.88,1.15,10.39,4000,37000,19,02127
7698584,BOSTON,0,Car,Gasoline,2007,Lexus,0,0,1,1,26.1,20.29,1.29,11.65,3600,34000,22,02116
2247808,BOSTON,0,Car,Gasoline,2004,Honda,1,1,0,0,21.05,23.03,0.91,8.28,3100,20000,26,02116
7497828,BOSTON,0,Car,Gasoline,2002,Toyota,0,0,1,0,50.9,20.42,2.49,22.57,3100,21000,24,02114
9609908,BOSTON,0,Car,Gasoline,2002,Honda,1,0,0,0,7,25.52,0.27,2.48,2600,17000,30,02119
650202,BOSTON,0,Car,Gasoline,2003,Honda,0,0,1,1,44.22,21.27,2.08,18.83,3100,25000,25,02128
6029261,BOSTON,0,Car,Gasoline,1997,Ford,1,1,0,0,44.02,16.15,2.73,24.68,3300,22000,21,02116
2736419,BOSTON,0,SUV,Gasoline,2009,Honda,1,1,1,0,34.3,22.54,1.52,13.78,3500,25000,23,02115
13092649,BOSTON,0,SUV,Gasoline,2007,Toyota,0,0,0,1,55.91,16.60,3.37,30.50,3900,31000,18,02122
12909376,BOSTON,0,SUV,Gasoline,2000,Mercury,1,1,0,0,20.06,12.26,1.64,14.82,4100,31000,15,02122
10205686,BOSTON,0,SUV,Gasoline,2002,Ford,1,1,1,1,8.48,13.34,0.64,5.75,4300,35000,16,02119
2066122,BOSTON,0,Car,Gasoline,2001,Mitsubishi,0,0,1,1,0,21.24,0.00,0.00,2400,14000,26,02128
2958753,BOSTON,0,Car,Gasoline,2010,Lexus,0,0,0,1,0,18.62,0.00,0.00,4700,74000,19,02116
15896636,BOSTON,0,Car,Gasoline,2002,Saturn,1,1,0,0,3.15,22.12,0.14,1.29,2400,17000,26,02127
11144487,BOSTON,0,Car,Gasoline,2005,Ford,0,0,0,1,0,22.15,0.00,0.00,2700,16000,25,02127
7815233,BOSTON,0,Car,Flexfuel,2006,Chevrolet,1,1,0,0,32.6,21.21,1.54,13.92,3700,21000,23,02125
16017569,BOSTON,0,SUV,Gasoline,2004,Mercury,1,1,1,1,0,13.02,0.00,0.00,4500,33000,15,02122
14182826,BOSTON,0,Car,Gasoline,2001,Ford,1,1,1,1,0,16.34,0.00,0.00,3100,23000,20,02127
7394784,BOSTON,0,Car,Gasoline,2005,Volvo,1,1,0,0,9.62,19.89,0.48,4.38,3000,24000,22,02118
11312987,BOSTON,0,Car,Gasoline,1995,Ford,1,1,1,0,4.19,16.25,0.26,2.33,3100,19000,22,02125
6183132,BOSTON,0,Car,Gasoline,2004,Toyota,0,0,1,1,12.69,26.04,0.49,4.41,2500,15000,30,02128
3591244,BOSTON,0,SUV,Gasoline,1999,Toyota,0,0,0,1,57.06,12.56,4.54,41.16,3900,36000,16,02118
9316052,BOSTON,0,Van,Gasoline,2002,Dodge,1,1,1,1,44.17,10.84,4.08,36.91,4800,19000,13,02119
11269410,BOSTON,0,Truck,Gasoline,2001,Toyota,0,1,1,1,0,13.07,0.00,0.00,4100,21000,16,02124
14098579,BOSTON,0,Van,Gasoline,2000,Honda,1,0,0,0,35.1,15.52,2.26,20.47,4300,26000,19,02127
13108210,BOSTON,0,Car,Gasoline,2006,Bmw,1,1,0,0,18.97,19.37,0.98,8.87,3700,35000,21,02116
16059288,BOSTON,0,Car,Gasoline,2001,Volkswagen,0,0,0,1,23.92,18.79,1.27,11.52,3200,22000,23,02125
10710207,BOSTON,0,SUV,Gasoline,2003,Nissan,0,0,0,1,21.48,13.61,1.58,14.29,4300,32000,16,02122
2880121,BOSTON,0,Car,Gasoline,2001,Toyota,1,1,1,0,22.32,20.01,1.12,10.10,3100,21000,24,02124
13972560,BOSTON,0,Car,Gasoline,1999,Volvo,0,1,1,1,28.32,14.91,1.90,17.20,3600,34000,19,02114
504563,BOSTON,0,SUV,Gasoline,2000,Gmc,0,0,0,1,34.47,10.41,3.31,29.99,5600,44000,13,02124
1477333,BOSTON,0,SUV,Gasoline,2002,Ford,1,1,1,1,28.81,15.01,1.92,17.39,3200,21000,18,02127
7272745,BOSTON,0,Car,Gasoline,1998,Honda,0,0,1,1,159.56,17.69,9.02,81.70,3000,21000,23,02128
11969038,BOSTON,0,Car,Gasoline,1996,Volkswagen,1,1,0,0,9.23,17.33,0.53,4.82,2700,15000,23,02124
13173076,BOSTON,0,Car,Gasoline,2003,Audi,0,0,1,1,11.33,17.87,0.63,5.74,3400,28000,21,02118
15552195,BOSTON,0,Car,Gasoline,2001,Saturn,0,1,1,1,20.86,23.70,0.88,7.97,2500,16000,29,02124
12393081,BOSTON,0,Car,Gasoline,2006,Infiniti,1,0,0,0,20.63,16.60,1.24,11.25,4000,44000,18,02125
4943510,BOSTON,0,SUV,Gasoline,2008,Mercury,0,0,1,1,26.6,18.82,1.41,12.80,3400,22000,20,02127
2572677,BOSTON,0,Car,Gasoline,1995,Toyota,0,1,1,1,28.36,15.92,1.78,16.13,2900,20000,22,02124
10152135,BOSTON,0,SUV,Flexfuel,2010,Ford,0,0,0,1,28.79,17.64,1.63,14.78,5800,37000,18,02128
15840397,BOSTON,0,Car,Gasoline,2008,Lincoln,1,1,1,1,65.39,19.77,3.31,29.96,3700,32000,21,02128
5273470,BOSTON,0,Car,Gasoline,2007,Honda,0,0,1,1,34.56,22.14,1.56,14.14,2900,23000,24,02125
4082635,BOSTON,0,Car,Gasoline,2007,Nissan,0,1,1,1,40.44,23.98,1.69,15.27,3100,20000,26,02124
2934767,BOSTON,0,Car,Gasoline,2004,Honda,0,0,0,1,18.64,21.70,0.86,7.78,3100,24000,25,02128
14763575,BOSTON,0,SUV,Gasoline,2004,Land Rover,1,1,1,0,16.93,10.63,1.59,14.43,4600,39000,12,02115
9126739,BOSTON,0,Car,Gasoline,2000,Chrysler,1,1,1,1,0,16.01,0.00,0.00,3200,21000,20,02124
9229845,BOSTON,0,Car,Gasoline,2005,Hyundai,0,1,1,1,45.63,22.15,2.06,18.66,2700,15000,25,02124
9811788,BOSTON,0,Car,Gasoline,2003,Infiniti,0,1,1,1,32.06,17.02,1.88,17.06,3400,33000,20,02124
3968963,BOSTON,0,Car,Gasoline,2003,Toyota,1,1,1,1,12.8,26.04,0.49,4.45,2500,15000,30,02119
1302552,BOSTON,0,Car,Gasoline,1999,Pontiac,0,0,0,1,0,16.48,0.00,0.00,3400,22000,21,02127
9378724,BOSTON,0,SUV,Gasoline,2005,Infiniti,1,1,1,1,38.75,15.37,2.52,22.84,4300,37000,17,02124
4429240,BOSTON,0,Truck,Gasoline,2002,Ford,1,0,0,0,31.86,10.21,3.12,28.26,5000,33000,12,02128
4883907,BOSTON,0,Car,Gasoline,2001,Honda,1,0,0,0,38.14,24.18,1.58,14.28,2500,15000,29,02127
6653920,BOSTON,0,Car,Gasoline,1996,Ford,1,1,1,1,0,15.51,0.00,0.00,3300,19000,21,02118
4937213,BOSTON,0,Car,Gasoline,2002,Nissan,0,1,1,1,0,22.51,0.00,0.00,2600,14000,27,02127
13870703,BOSTON,0,Car,Gasoline,2002,Toyota,0,0,1,1,15.05,20.01,0.75,6.81,3100,21000,24,02118
7210148,BOSTON,0,Car,Gasoline,2004,Mazda,1,1,0,0,25.8,20.37,1.27,11.47,3000,20000,23,02122
13047436,BOSTON,0,SUV,Gasoline,2006,Jeep,1,1,1,1,28.65,15.68,1.83,16.55,4000,30000,17,02118
6754550,BOSTON,0,Car,Gasoline,2009,Ford,1,0,0,0,0,19.60,0.00,0.00,3400,21000,20,02128
3123442,BOSTON,0,Car,Gasoline,2005,Mini,0,1,1,1,24.74,22.15,1.12,10.12,2700,21000,25,02118
9727217,BOSTON,0,SUV,Gasoline,1999,Chevrolet,0,1,0,0,17.63,10.41,1.69,15.34,5300,34000,13,02124
8929926,BOSTON,0,Car,Gasoline,1999,Nissan,1,1,1,0,44.32,16.82,2.64,23.87,3000,24000,21,02120
13892813,BOSTON,0,SUV,Gasoline,2008,Land Rover,1,0,0,0,41.22,13.45,3.07,27.77,5400,49000,14,02116
11088329,BOSTON,0,Car,Gasoline,2000,Mercedes,0,0,0,1,44.14,13.61,3.24,29.36,4100,78000,17,02110
7017633,BOSTON,0,SUV,Gasoline,2002,Mercedes,1,1,1,1,10.83,12.51,0.87,7.84,4800,37000,15,02119
14875132,BOSTON,0,SUV,Gasoline,2007,Toyota,1,1,0,0,60.83,16.94,3.59,32.51,3900,31000,18,02115
8393209,BOSTON,0,SUV,Gasoline,2002,Jeep,1,1,1,1,18.54,11.67,1.59,14.39,4000,30000,14,02124
15081865,BOSTON,0,SUV,Gasoline,2002,Jeep,1,0,0,0,12.25,13.61,0.90,8.15,3100,16000,16,02118
10088581,BOSTON,0,,Gasoline,2008,Ford,1,0,0,0,42.83,17.29,2.48,22.43,4100,28000,18,02125
7423063,BOSTON,0,Car,Gasoline,2007,Honda,1,0,0,0,35.69,23.53,1.52,13.74,3300,26000,25,02116
10113575,BOSTON,0,Car,Gasoline,2000,Bmw,0,0,0,1,10.4,16.82,0.62,5.60,3500,39000,21,02116
1879559,BOSTON,0,SUV,Gasoline,2000,Ford,0,1,1,1,0,12.81,0.00,0.00,3900,30000,16,02118
1681637,BOSTON,0,Car,Gasoline,2003,Honda,1,0,0,0,24.77,25.18,0.98,8.91,2500,16000,29,02128
2797813,BOSTON,0,SUV,Gasoline,2008,Lincoln,1,1,0,0,21.04,18.25,1.15,10.44,4400,38000,19,02127
8588078,BOSTON,0,SUV,Gasoline,2009,Kia,0,0,0,1,42.93,20.17,2.13,19.28,3500,23000,21,02125
15188221,BOSTON,0,Car,Gasoline,2000,Toyota,0,0,0,1,12.9,16.01,0.81,7.29,3300,24000,20,02118
7993208,BOSTON,0,Car,Gasoline,2002,Saturn,1,1,0,0,15.86,21.27,0.75,6.75,3000,17000,25,02125
11322968,BOSTON,0,Van,Gasoline,2006,Ford,1,1,0,0,12.43,13.84,0.90,8.14,4800,24000,15,02108
12449498,BOSTON,0,Car,Gasoline,1995,Honda,1,1,1,1,0,18.09,0.00,0.00,2900,18000,25,02128
1438597,BOSTON,0,SUV,Gasoline,2001,Mercedes,1,1,1,1,42.17,13.34,3.16,28.63,4700,45000,16,02124
8631170,BOSTON,0,Car,Gasoline,1995,Saab,0,0,0,1,14.56,15.20,0.96,8.68,3000,24000,21,02108
6401842,BOSTON,0,SUV,Gasoline,2008,Jeep,1,0,0,0,8.82,16.33,0.54,4.89,4000,24000,17,02114
5219816,BOSTON,0,Car,Gasoline,2006,Honda,0,0,0,1,0,27.12,0.00,0.00,2700,18000,30,02118
12033089,BOSTON,0,Car,Gasoline,2006,Volkswagen,1,1,1,1,19.39,21.21,0.91,8.28,3300,21000,23,02127
12556381,BOSTON,0,Car,Gasoline,1994,Honda,1,0,0,0,42.05,20.27,2.08,18.79,2200,13000,28,02128
1594819,BOSTON,0,Car,Gasoline,1997,Mercury,0,1,1,1,4.36,15.83,0.28,2.49,3400,20000,21,02124
11221502,BOSTON,0,SUV,Gasoline,1998,Land Rover,1,1,0,0,26.53,10.20,2.60,23.55,5000,65000,13,02127
3159579,BOSTON,0,SUV,Gasoline,2000,Jeep,0,1,1,0,15.31,12.26,1.25,11.31,3300,19000,15,02127
4232132,BOSTON,0,Car,Gasoline,2006,Honda,0,0,0,1,32.92,27.12,1.21,10.99,2800,21000,30,02215
15537745,BOSTON,0,Car,Gasoline,1999,Toyota,0,0,1,1,33.43,18.83,1.77,16.07,3100,19000,24,02128
6531666,BOSTON,0,Car,Gasoline,2001,Subaru,0,0,0,1,0,17.16,0.00,0.00,3500,27000,21,02124
11808908,BOSTON,0,SUV,Gasoline,2004,Acura,0,0,1,1,17.35,14.76,1.18,10.65,4500,40000,17,02116
4459429,BOSTON,0,SUV,Gasoline,2001,Ford,1,1,1,1,12.43,13.07,0.95,8.61,4000,25000,16,02122
11803370,BOSTON,0,Car,Gasoline,2004,Chevrolet,0,0,1,0,7.84,19.49,0.40,3.65,3500,26000,22,02124
5671569,BOSTON,0,Car,Gasoline,2009,Honda,1,1,1,1,86.54,28.42,3.04,27.57,2700,17000,29,02128
11875473,BOSTON,0,SUV,Gasoline,2001,Nissan,1,1,1,1,12.9,12.26,1.05,9.53,4200,31000,15,02116
7223740,BOSTON,0,SUV,Gasoline,2004,Jeep,1,1,1,1,0,13.89,0.00,0.00,4000,32000,16,02116
2835247,BOSTON,0,Car,Gasoline,2007,Bmw,0,1,1,1,18.93,18.45,1.03,9.29,3600,38000,20,02115
9993405,BOSTON,0,Car,Gasoline,1996,Toyota,1,1,1,1,0,15.51,0.00,0.00,3000,20000,21,02120
15389303,BOSTON,0,Car,Gasoline,2002,Ford,1,1,1,1,10.34,17.51,0.59,5.35,3400,22000,21,02128
8534,BOSTON,0,Car,Gasoline,1995,Toyota,1,1,1,0,15.37,16.25,0.95,8.56,2900,20000,22,02127
10691602,BOSTON,0,Car,Gasoline,2001,Infiniti,0,0,1,1,5.17,16.34,0.32,2.87,3400,31000,20,02127
9736257,BOSTON,0,SUV,Gasoline,2001,Ford,0,0,0,1,25.3,10.62,2.38,21.57,5300,34000,13,02119
9877556,BOSTON,0,Van,Flexfuel,2002,Chrysler,1,1,1,1,14.8,16.16,0.92,8.29,3900,20000,19,02124
6422450,BOSTON,0,Car,Gasoline,2005,Saturn,0,1,1,0,0,24.41,0.00,0.00,2700,15000,27,02120
6815723,BOSTON,0,SUV,Flexfuel,2002,Ford,1,1,1,0,96.03,12.76,7.53,68.15,4300,27000,15,02124
6755790,BOSTON,0,Car,Gasoline,2004,Pontiac,0,1,1,1,36.57,21.70,1.69,15.26,3000,20000,25,02128
1223933,BOSTON,0,Car,Gasoline,2003,Toyota,0,0,0,1,36.77,27.22,1.35,12.23,2100,11000,32,02118
15803156,BOSTON,0,Car,Gasoline,2004,Honda,0,0,0,1,37.04,19.10,1.94,17.56,3300,27000,22,02124
202915,BOSTON,0,Car,Gasoline,2001,Mercury,0,0,0,1,11.64,15.52,0.75,6.79,4000,24000,19,02128
7567422,BOSTON,0,SUV,Gasoline,1999,Toyota,1,0,0,0,14.36,12.81,1.12,10.15,3900,36000,16,02124
8458110,BOSTON,0,Van,Gasoline,2001,Toyota,1,0,0,0,20.7,15.84,1.31,11.84,3900,28000,19,02118
4038756,BOSTON,0,Car,Gasoline,2006,Honda,0,0,0,1,16.95,27.12,0.62,5.66,2800,21000,30,02110
4134088,BOSTON,0,Car,Gasoline,1998,Lexus,1,0,0,0,33.86,15.69,2.16,19.54,3400,31000,20,02124
8824164,BOSTON,0,Car,Gasoline,1996,Honda,1,0,0,0,103.26,18.84,5.48,49.63,2900,18000,25,02124
12118970,BOSTON,0,Car,Gasoline,2008,Bmw,1,1,0,0,19.86,19.21,1.03,9.36,3900,52000,20,02116
10798258,BOSTON,0,SUV,Gasoline,2009,Jeep,0,0,0,1,0,16.33,0.00,0.00,4200,23000,17,02127
15664436,BOSTON,0,SUV,Gasoline,2004,Toyota,0,0,0,1,7.32,19.97,0.37,3.32,2900,19000,23,02116
6371780,BOSTON,0,Car,Gasoline,2004,Nissan,1,1,1,1,25.25,19.97,1.26,11.45,3000,20000,23,02128
2240992,BOSTON,0,Car,Gasoline,1989,Mercedes,1,1,1,1,0,12.82,0.00,0.00,2800,32000,20,02127
4649601,BOSTON,0,SUV,Gasoline,2002,Ford,0,1,1,1,19.43,13.34,1.46,13.19,4300,31000,16,02128
4249147,BOSTON,0,Car,Gasoline,2007,Honda,0,0,1,1,31.28,23.06,1.36,12.28,3200,22000,25,02128
9950716,BOSTON,0,Car,Gasoline,2002,Mercury,0,0,1,1,8.42,17.51,0.48,4.35,3300,23000,21,02125
9267916,BOSTON,0,Van,Gasoline,2003,Toyota,0,0,0,1,0,16.16,0.00,0.00,3900,24000,19,02121
3645074,BOSTON,0,Car,Gasoline,2010,Ford,0,0,0,1,0,27.44,0.00,0.00,2600,17000,28,02122
3629751,BOSTON,0,SUV,Gasoline,2006,Volvo,0,1,1,1,19.21,13.56,1.42,12.83,4600,49000,15,02118
14531399,BOSTON,0,SUV,Gasoline,2001,Lexus,1,1,0,0,38.92,15.01,2.59,23.49,3900,36000,18,02127
15831252,BOSTON,0,Car,Gasoline,2008,Volvo,0,1,1,1,66.82,16.94,3.94,35.72,4100,37000,18,02108
5946850,BOSTON,0,Van,Gasoline,2003,Ford,0,0,1,1,7.37,11.91,0.62,5.60,5400,23000,14,02109
13185623,BOSTON,0,Car,Gasoline,2004,Ford,1,0,0,0,23.85,18.60,1.28,11.61,3300,21000,21,02122
6138474,BOSTON,0,SUV,Gasoline,1998,Ford,1,0,0,0,23.39,11.77,1.99,18.00,4100,29000,15,02128
9570873,BOSTON,0,Van,Gasoline,2000,Honda,0,1,1,1,23.05,15.21,1.51,13.72,4200,24000,19,02120
13258639,BOSTON,0,Car,Gasoline,2002,Subaru,0,1,1,1,31.77,17.51,1.81,16.43,3200,24000,21,02121
14280331,BOSTON,0,Car,Gasoline,1999,Mercedes,0,0,1,1,37.8,16.48,2.29,20.77,3800,48000,21,02116
9869678,BOSTON,0,Car,Gasoline,1993,Honda,0,1,1,1,12.76,15.29,0.83,7.56,2900,17000,22,02125
5536724,BOSTON,0,Car,Gasoline,1998,Honda,1,1,0,0,17.62,21.97,0.80,7.26,2300,12000,28,02118
13323368,BOSTON,0,Truck,Gasoline,2000,Toyota,0,1,1,1,15.97,11.21,1.42,12.90,4600,29000,14,02115
13853577,BOSTON,0,Car,Gasoline,1997,Cadillac,1,1,1,1,0,14.32,0.00,0.00,4000,38000,19,02127
16016938,BOSTON,0,Van,Gasoline,1999,Dodge,0,1,1,1,0,10.20,0.00,0.00,5100,24000,13,02124
14191491,BOSTON,0,Car,Gasoline,1996,Toyota,0,1,1,1,11.23,15.51,0.72,6.56,3100,25000,21,02127
3331173,BOSTON,0,Car,Gasoline,2003,Honda,0,0,1,1,31.97,25.52,1.25,11.34,2600,18000,30,02127
4513103,BOSTON,0,Van,Gasoline,1996,Dodge,1,1,1,1,0,13.29,0.00,0.00,3800,25000,18,02127
8062854,BOSTON,0,SUV,Gasoline,2001,Toyota,0,0,1,1,9.18,14.71,0.62,5.65,3900,27000,18,02111
7484708,BOSTON,0,SUV,Gasoline,2002,Ford,0,0,1,1,0.9,15.01,0.06,0.54,3500,24000,18,02116
4417326,BOSTON,0,Car,Gasoline,2004,Volvo,1,0,0,0,15,16.83,0.89,8.07,3500,35000,19,02116
14207527,BOSTON,0,Car,Gasoline,2007,Ford,1,0,0,0,28.64,17.88,1.60,14.50,3800,26000,19,02118
2182222,BOSTON,0,Van,Gasoline,2003,Chrysler,0,1,1,0,0,17.36,0.00,0.00,4100,27000,20,02124
4502667,BOSTON,0,Car,Gasoline,2010,Toyota,0,0,0,1,26.13,28.42,0.92,8.33,2800,17000,29,02128
8917388,BOSTON,0,Car,Gasoline,1997,Saturn,1,1,1,1,16.64,18.84,0.88,8.00,2500,13000,25,02124
5005191,BOSTON,0,SUV,Gasoline,1991,Ford,0,1,1,0,11.02,10.90,1.01,9.15,4000,20000,16,02128
6138904,BOSTON,0,Car,Gasoline,1996,Honda,0,0,0,1,5.37,22.90,0.23,2.12,2300,14000,31,02125
10395572,BOSTON,0,Car,Gasoline,1999,Nissan,0,1,1,1,5230.15,16.48,317.38,2874.16,3000,24000,21,02128
339087,BOSTON,0,Car,Gasoline,2009,Acura,0,0,0,1,15.14,24.01,0.63,5.71,3500,31000,25,02114
1499434,BOSTON,0,Car,Gasoline,2008,Volkswagen,1,0,0,0,57.84,23.05,2.51,22.72,3200,21000,24,02118
1071592,BOSTON,0,SUV,Gasoline,2002,Nissan,0,1,1,1,4.93,13.34,0.37,3.34,4100,24000,16,02108
129646,BOSTON,0,Car,Gasoline,2006,Ford,0,0,1,0,10.09,22.14,0.46,4.13,3100,18000,24,02127
484118,BOSTON,0,Car,Gasoline,1996,Subaru,1,1,1,0,0,15.07,0.00,0.00,3200,23000,20,02125
11549521,BOSTON,0,Car,Gasoline,2007,Scion,0,1,1,1,34.69,22.14,1.57,14.19,2900,17000,24,02116
14417831,BOSTON,0,Car,Gasoline,2009,Toyota,1,0,0,0,39.24,24.50,1.60,14.51,3300,21000,25,02125
13175135,BOSTON,0,SUV,Gasoline,2000,Honda,1,0,0,0,25.38,17.16,1.48,13.39,3200,21000,21,02124
8142341,BOSTON,0,SUV,Flexfuel,2004,Ford,1,1,0,0,35.43,13.29,2.67,24.14,4500,33000,15,02127
9712616,BOSTON,0,Car,Gasoline,1999,Pontiac,0,1,0,0,0,16.82,0.00,0.00,3100,21000,21,02124
11311437,BOSTON,0,Car,Gasoline,1995,Chevrolet,0,0,0,1,0,15.20,0.00,0.00,3300,16000,21,02124
14361742,BOSTON,0,Car,Gasoline,2005,Honda,0,0,0,1,14.72,25.69,0.57,5.19,2500,15000,29,02127
5836527,BOSTON,0,Car,Gasoline,1997,Ford,0,0,0,1,0,15.07,0.00,0.00,3500,21000,20,02125
2522112,BOSTON,0,SUV,Gasoline,2004,Honda,0,0,1,1,0,17.36,0.00,0.00,3500,21000,20,02127
5083278,BOSTON,0,Van,Gasoline,1998,Plymouth,1,1,1,0,0,14.91,0.00,0.00,3700,22000,19,02121
5494132,BOSTON,0,SUV,Gasoline,2002,Bmw,0,0,0,1,11.87,13.34,0.89,8.06,4500,40000,16,02215
14424626,BOSTON,0,Car,Gasoline,2000,Oldsmobile,0,0,0,1,0,17.62,0.00,0.00,3000,18000,22,02127
9126414,BOSTON,0,SUV,Gasoline,2002,Ford,0,1,1,1,14.91,13.34,1.12,10.12,4300,31000,16,02215
3275676,BOSTON,0,SUV,Gasoline,2009,Toyota,1,1,1,1,0,22.09,0.00,0.00,3500,23000,23,02120
4334995,BOSTON,0,SUV,Gasoline,2008,Lincoln,1,1,1,0,38.55,18.25,2.11,19.13,4400,38000,19,02127
13878794,BOSTON,0,Car,Gasoline,1999,Honda,0,0,1,1,70.68,21.19,3.34,30.21,2400,13000,27,02111
12896745,BOSTON,0,SUV,Gasoline,2002,Jeep,1,1,0,0,46.83,12.76,3.67,33.23,4000,30000,15,02113
10927353,BOSTON,0,Car,Gasoline,2002,Toyota,1,1,1,1,54.91,20.01,2.74,24.85,3100,21000,24,02124
14960283,BOSTON,0,SUV,Gasoline,2006,Ford,1,1,1,1,18.38,12.65,1.45,13.16,5400,41000,14,02124
9925475,BOSTON,0,Car,Gasoline,2000,Honda,1,1,1,1,0,21.62,0.00,0.00,2400,15000,27,02113
14245614,BOSTON,0,SUV,Gasoline,2000,Honda,0,0,0,1,0,16.82,0.00,0.00,3200,19000,21,02215
7799897,BOSTON,0,Van,Flexfuel,2003,Dodge,1,1,0,0,18.55,15.63,1.19,10.75,4000,24000,18,02125
62046,BOSTON,0,Car,Gasoline,1996,Honda,1,1,0,0,0,21.10,0.00,0.00,2300,14000,28,02128
11017001,BOSTON,0,SUV,Gasoline,2008,Jeep,1,1,1,1,0,16.00,0.00,0.00,4100,27000,17,02118
12846099,BOSTON,0,Car,Gasoline,1994,Toyota,1,1,1,1,13.47,15.20,0.89,8.03,3100,20000,21,02115
2556133,BOSTON,0,Car,Gasoline,2003,Honda,1,1,0,0,39.23,21.70,1.81,16.37,3100,23000,25,02120
15919126,BOSTON,0,Car,Gasoline,2003,Volkswagen,0,0,0,1,7.77,20.42,0.38,3.45,2900,18000,24,02119
15504098,BOSTON,0,Car,Gasoline,2006,Chevrolet,1,1,0,0,2.67,23.06,0.12,1.05,3200,13000,25,02127
11217441,BOSTON,0,Car,Gasoline,2003,Honda,1,1,0,0,25.44,22.57,1.13,10.21,3100,20000,26,02118
13776862,BOSTON,0,Car,Gasoline,2009,Toyota,1,1,1,0,32.68,31.36,1.04,9.44,2300,14000,32,02120
826872,BOSTON,0,Car,Gasoline,2001,Mercedes,1,1,0,0,3.42,16.67,0.20,1.85,3800,49000,20,02116
11714486,BOSTON,0,Car,Gasoline,2003,Nissan,0,0,1,1,20.85,19.57,1.07,9.65,3000,20000,23,02122
1881504,BOSTON,0,Van,Gasoline,2007,Honda,1,1,1,0,26.27,18.82,1.40,12.64,4500,32000,20,02111
1627884,BOSTON,0,SUV,Gasoline,1994,Ford,1,1,1,0,3.08,11.58,0.27,2.41,4100,24000,16,02121
15507184,BOSTON,0,Car,Gasoline,2002,Dodge,1,1,1,1,0,18.34,0.00,0.00,3200,18000,22,02128
15738129,BOSTON,0,SUV,Gasoline,2003,Nissan,1,1,1,1,41.05,13.89,2.96,26.76,4100,25000,16,02118
2129237,BOSTON,0,,Gasoline,2008,Ford,1,1,1,0,82.33,17.29,4.76,43.13,4100,28000,18,02116
11065556,BOSTON,0,SUV,Gasoline,2006,Ford,1,0,0,0,12.25,13.84,0.89,8.02,4700,37000,15,02119
4059402,BOSTON,0,SUV,Gasoline,2010,Chevrolet,0,0,1,0,6.99,25.00,0.28,2.53,3800,23000,25,02127
3242361,BOSTON,0,Car,Gasoline,1996,Toyota,1,0,0,0,0,15.83,0.00,0.00,3000,20000,21,02127
11874721,BOSTON,0,Car,Gasoline,2002,Ford,0,0,1,1,5.18,17.51,0.30,2.68,3400,23000,21,02215
10401523,BOSTON,0,Car,Gasoline,2004,Toyota,0,0,0,1,12.4,26.04,0.48,4.31,2500,15000,30,02113
8816759,BOSTON,0,Car,Gasoline,1998,Plymouth,1,1,0,0,0,21.19,0.00,0.00,2500,13000,27,02128
9280663,BOSTON,0,Car,Gasoline,1992,Nissan,1,1,1,1,35.86,13.62,2.63,23.83,3100,21000,20,02119
5022373,BOSTON,0,SUV,Gasoline,2001,Chevrolet,0,0,0,1,19.32,11.44,1.69,15.29,5100,37000,14,02122
13653045,BOSTON,0,Car,Gasoline,2004,Volvo,1,1,0,0,27.54,18.60,1.48,13.40,3700,38000,21,02127
2373251,BOSTON,0,Car,Gasoline,2006,Bmw,0,0,0,1,16.01,18.98,0.84,7.64,3300,38000,21,02127
4403412,BOSTON,0,Car,Gasoline,1989,Bmw,0,0,1,1,0,11.54,0.00,0.00,3100,34000,18,02122
15307868,BOSTON,0,Car,Gasoline,2003,Subaru,1,1,1,1,22.54,17.87,1.26,11.42,3400,24000,21,02127
4102798,BOSTON,0,Car,Gasoline,2003,Subaru,1,1,1,0,43.01,18.23,2.36,21.37,3100,24000,21,02128
10991488,BOSTON,0,Van,Gasoline,2003,Toyota,0,0,1,1,110.46,16.16,6.83,61.88,3900,27000,19,02128
13429376,BOSTON,0,Car,Gasoline,2002,Toyota,1,0,0,0,25.05,20.42,1.23,11.11,3100,21000,24,02121
13390065,BOSTON,0,Car,Gasoline,1997,Honda,0,0,1,0,35.97,21.53,1.67,15.13,2300,13000,28,02121
474734,BOSTON,0,Car,Gasoline,1998,Honda,1,1,0,0,3.61,21.19,0.17,1.54,2500,16000,27,02118
5557001,BOSTON,0,Car,Gasoline,2007,Bmw,0,1,1,1,26.02,18.45,1.41,12.77,3600,38000,20,02128
14329400,BOSTON,0,Car,Gasoline,1995,Chevrolet,1,0,0,0,12.5,16.25,0.77,6.97,2700,14000,22,02128
504165,BOSTON,0,Truck,Gasoline,2004,Toyota,0,0,1,1,32.2,12.15,2.65,23.99,5000,30000,14,02124
13085394,BOSTON,0,Car,Gasoline,2000,Honda,1,1,1,1,27.17,16.82,1.62,14.63,3300,25000,21,02119
15781701,BOSTON,1,Car,Gasoline,2007,Toyota,0,0,0,1,36.96,47.04,0.79,7.11,2900,23000,51,02116
7267792,BOSTON,0,Truck,Gasoline,2004,Toyota,1,0,0,0,30.53,14.17,2.15,19.51,3700,23000,16,02128
2673324,BOSTON,0,Car,Gasoline,2002,Honda,0,0,1,1,11.66,24.18,0.48,4.37,2600,17000,29,02118
4492405,BOSTON,0,SUV,Gasoline,1995,Jeep,1,1,1,0,12.36,11.82,1.05,9.47,3700,31000,16,02124
2204152,BOSTON,0,SUV,Gasoline,2003,Jeep,0,0,1,1,36.91,14.46,2.55,23.11,3900,23000,17,02125
15867259,BOSTON,0,Car,Gasoline,2005,Subaru,0,1,1,1,14.22,16.83,0.84,7.65,3400,29000,19,02115
10094002,BOSTON,0,Car,Gasoline,2010,Toyota,0,0,1,1,26.76,25.48,1.05,9.51,3300,22000,26,02124
10965516,BOSTON,0,Car,Gasoline,1997,Mercedes,1,1,1,1,0,14.32,0.00,0.00,3700,50000,19,02124
16006201,BOSTON,0,SUV,Gasoline,2004,Ford,1,0,0,0,33.86,13.29,2.55,23.08,4500,37000,15,02116
592976,BOSTON,0,SUV,Gasoline,2006,Chevrolet,0,1,1,1,0,16.27,0.00,0.00,3800,24000,18,02124
10357775,BOSTON,0,Car,Gasoline,2004,Toyota,0,0,0,1,19.42,19.10,1.02,9.21,3400,29000,22,02124
10640289,BOSTON,0,Car,Gasoline,2007,Lexus,1,1,1,0,35.2,17.88,1.97,17.83,4300,72000,19,02116
11011152,BOSTON,0,Car,Gasoline,2002,Volkswagen,0,0,1,1,23.64,19.18,1.23,11.17,2900,18000,23,02116
6955557,BOSTON,0,Car,Gasoline,2008,Nissan,1,1,1,1,0,24.47,0.00,0.00,3200,21000,26,02113
1991653,BOSTON,0,Car,Gasoline,2010,Ford,0,0,1,1,7.28,27.44,0.27,2.40,2700,19000,28,02128
13844998,BOSTON,0,Car,Flexfuel,2002,Ford,0,1,1,1,55.43,16.67,3.32,30.10,3400,22000,20,02128
4099711,BOSTON,0,Car,Gasoline,1997,Mercury,1,1,1,1,17.42,13.57,1.28,11.63,3800,23000,18,02124
11876455,BOSTON,0,SUV,Gasoline,2002,Ford,1,1,1,1,34.31,12.51,2.74,24.85,4300,31000,15,02121
9790157,BOSTON,0,Car,Gasoline,2005,Ford,1,1,1,0,12.32,17.17,0.72,6.50,3800,25000,19,02122
7448196,BOSTON,0,Car,Gasoline,2004,Chrysler,0,1,1,1,16.84,19.10,0.88,7.98,3400,29000,22,02124
3319729,BOSTON,0,Car,Gasoline,2003,Honda,0,0,0,1,37.13,25.52,1.45,13.17,2600,17000,30,02116
16012964,BOSTON,0,Car,Gasoline,2005,Saab,1,1,1,1,0,20.37,0.00,0.00,3200,34000,23,02127
4546403,BOSTON,0,,Gasoline,2001,Ford,0,0,0,1,0,14.71,0.00,0.00,3900,26000,18,02122
6549486,BOSTON,0,SUV,Gasoline,2005,Lexus,1,1,1,1,0,14.17,0.00,0.00,4900,47000,16,02122
13899103,BOSTON,0,Car,Gasoline,1994,Buick,1,0,0,0,5.01,14.48,0.35,3.14,3500,28000,20,02119
4505418,BOSTON,0,Car,Gasoline,1998,Toyota,1,0,0,0,17.18,18.05,0.95,8.62,3100,20000,23,02128
12364353,BOSTON,0,Van,Gasoline,2008,Hyundai,0,0,1,1,0,17.88,0.00,0.00,4500,27000,19,02128
2772932,BOSTON,0,Car,Gasoline,1998,Honda,0,1,1,1,16.13,16.15,1.00,9.04,3300,22000,21,02122
10622634,BOSTON,0,Car,Gasoline,2009,Pontiac,1,0,0,0,69.21,20.58,3.36,30.45,3500,29000,21,02128
7261017,BOSTON,0,Car,Gasoline,1999,Toyota,1,1,0,0,13.83,23.22,0.60,5.39,2400,14000,29,02118
7406194,BOSTON,0,SUV,Gasoline,2002,Lexus,0,0,1,1,20.13,15.01,1.34,12.15,3900,36000,18,02109
4124272,BOSTON,0,Car,Gasoline,1998,Volvo,1,1,1,1,19.3,15.38,1.25,11.36,3300,33000,20,02115
26238,BOSTON,0,SUV,Gasoline,2009,Nissan,0,0,0,1,0,16.33,0.00,0.00,4400,27000,17,02127
14608042,BOSTON,0,SUV,Gasoline,2001,Toyota,0,0,0,1,26.77,14.71,1.82,16.48,3900,27000,18,02114
14051544,BOSTON,0,Car,Gasoline,2002,Mercedes,0,0,0,1,0,17.02,0.00,0.00,3800,52000,20,02125
13316741,BOSTON,0,Car,Gasoline,1995,Honda,1,0,0,0,25.23,16.99,1.49,13.45,2900,18000,23,02114
10296253,BOSTON,0,SUV,Gasoline,1998,Jeep,0,0,0,1,0,10.77,0.00,0.00,3800,34000,14,02121
9823085,BOSTON,0,Car,Gasoline,2002,Volkswagen,1,0,0,0,0,20.42,0.00,0.00,3000,20000,24,02116
4519154,BOSTON,0,Car,Gasoline,2007,Ford,0,1,1,1,47.34,19.37,2.44,22.13,3300,23000,21,02124
14948451,BOSTON,0,Car,Gasoline,2005,Bmw,1,1,1,0,42.27,18.98,2.23,20.17,3200,32000,21,02109
1315444,BOSTON,0,Car,Gasoline,2006,Acura,0,1,1,1,19.96,18.98,1.05,9.52,3600,35000,21,02115
14879596,BOSTON,0,Van,Gasoline,2006,Ford,1,1,1,0,8.69,12.91,0.67,6.09,5100,25000,14,02118
14445093,BOSTON,0,Van,Gasoline,2004,Ford,1,1,1,1,43.87,13.02,3.37,30.51,6200,31000,15,02122
11161630,BOSTON,0,SUV,Gasoline,2001,Infiniti,1,1,1,1,0,12.26,0.00,0.00,4400,36000,15,02124
12628916,BOSTON,0,Car,Gasoline,2006,Chrysler,0,0,0,1,35.67,18.08,1.97,17.87,3800,29000,20,02124
4088951,BOSTON,0,Car,Gasoline,1999,Toyota,1,1,0,0,46.65,23.22,2.01,18.19,2400,14000,29,02125
3301778,BOSTON,0,SUV,Gasoline,2000,Jeep,1,1,1,1,7.35,12.81,0.57,5.20,4000,29000,16,02124
15145155,BOSTON,0,SUV,Gasoline,2006,Jeep,1,1,1,0,36.67,15.68,2.34,21.18,4000,30000,17,02114
8281384,BOSTON,0,Car,Gasoline,2007,Honda,0,0,1,1,23.71,19.37,1.22,11.08,3400,26000,21,02118
4582093,BOSTON,0,Car,Gasoline,2004,Toyota,1,1,1,1,0,20.84,0.00,0.00,3100,21000,24,02124
3851035,BOSTON,0,Van,Gasoline,2005,Toyota,1,0,0,0,30.15,16.27,1.85,16.78,4400,36000,18,02118
13982565,BOSTON,0,Car,Gasoline,2003,Hyundai,1,1,1,0,48.99,21.70,2.26,20.44,2600,15000,25,02127
10857269,BOSTON,0,SUV,Gasoline,2009,Volkswagen,0,0,1,1,31.69,19.21,1.65,14.94,3600,31000,20,02127
8811444,BOSTON,0,SUV,Gasoline,2003,Ford,0,1,1,1,19.28,11.91,1.62,14.66,5700,42000,14,02119
11868397,BOSTON,0,SUV,Gasoline,2009,Ford,1,1,0,0,29.26,15.68,1.87,16.90,4600,29000,16,02127
15298571,BOSTON,0,Car,Gasoline,2005,Honda,1,1,1,0,40.58,26.21,1.55,14.02,2500,14000,29,02127
3576332,BOSTON,0,Car,Gasoline,1997,Honda,0,1,1,1,0,18.84,0.00,0.00,2900,19000,25,02128
4054540,BOSTON,0,Car,Gasoline,2007,Lexus,1,1,0,0,23.98,20.71,1.16,10.49,3700,35000,22,02127
5857718,BOSTON,0,SUV,Gasoline,1999,Ford,0,0,1,1,23.45,11.77,1.99,18.04,4200,33000,15,02119
10622341,BOSTON,0,Car,Gasoline,2008,Toyota,1,1,1,0,28.73,24.01,1.20,10.84,3300,21000,25,02122
6379693,BOSTON,0,Car,Gasoline,2001,Volkswagen,0,1,1,1,0,18.79,0.00,0.00,3000,20000,23,02116
909645,BOSTON,0,SUV,Gasoline,2001,Nissan,1,1,1,0,0,13.34,0.00,0.00,4000,24000,16,02127
9585247,BOSTON,0,Car,Gasoline,2002,Volkswagen,0,1,1,1,15.52,19.18,0.81,7.33,2900,18000,23,02116
389005,BOSTON,0,Car,Gasoline,2009,Toyota,0,0,1,1,13.69,28.81,0.48,4.30,2800,17000,30,02122
10231733,BOSTON,0,Car,Gasoline,2001,Volvo,1,1,0,0,31.83,16.67,1.91,17.29,3700,46000,20,02128
14130111,BOSTON,0,SUV,Gasoline,2003,Lexus,1,1,1,1,24.33,15.31,1.59,14.39,3900,38000,18,02118
11268987,BOSTON,0,Car,Gasoline,2009,Mazda,0,1,1,1,29.56,23.05,1.28,11.61,3300,24000,24,02118
1555337,BOSTON,0,Car,Gasoline,1996,Honda,0,0,0,1,0,18.46,0.00,0.00,2900,18000,25,02125
4444517,BOSTON,0,Car,Gasoline,2006,Chevrolet,0,0,0,1,18.11,21.69,0.83,7.56,3300,24000,24,02128
8661582,BOSTON,0,Car,Gasoline,2007,Bmw,1,1,1,1,0,18.45,0.00,0.00,3600,38000,20,02111
15804931,BOSTON,0,Car,Gasoline,2005,Toyota,1,1,0,0,21.7,25.31,0.86,7.76,2700,16000,28,02125
5313269,BOSTON,0,SUV,Gasoline,1994,Ford,1,0,0,0,12.8,12.30,1.04,9.42,3800,19000,17,02118
12057665,BOSTON,0,Car,Gasoline,1995,Toyota,0,0,1,1,18.24,18.82,0.97,8.78,2300,13000,26,02128
667285,BOSTON,0,SUV,Gasoline,2010,Land Rover,0,0,0,1,0,17.64,0.00,0.00,4200,36000,18,02127
4586331,BOSTON,0,Car,Gasoline,1994,Saturn,1,1,1,1,0,19.15,0.00,0.00,2400,13000,27,02120
13183243,BOSTON,0,Car,Gasoline,2008,Honda,1,0,0,0,8.43,24.01,0.35,3.18,3300,22000,25,02122
5162888,BOSTON,0,Car,Gasoline,2006,Lexus,1,0,0,0,19.57,20.29,0.96,8.73,3700,35000,22,02109
5967952,BOSTON,0,Car,Gasoline,2007,Audi,0,0,0,1,0,21.21,0.00,0.00,3500,32000,23,02215
6287538,BOSTON,0,Car,Gasoline,1995,Honda,1,1,1,0,0,23.63,0.00,0.00,2400,14000,32,02118
1482165,BOSTON,0,Van,Gasoline,2003,Toyota,0,0,0,1,35.94,16.16,2.22,20.14,3900,24000,19,02118
13397306,BOSTON,0,Van,Gasoline,2006,Chrysler,1,1,1,1,0,18.08,0.00,0.00,3900,22000,20,02122
7564956,BOSTON,0,Van,Gasoline,2006,Toyota,0,0,1,1,6.94,18.08,0.38,3.48,4200,25000,20,02122
10114946,BOSTON,0,SUV,Gasoline,1999,Lexus,1,0,0,0,0.76,14.41,0.05,0.48,3900,33000,18,02119
11937779,BOSTON,0,Car,Gasoline,2007,Chrysler,1,1,1,0,10.63,16.94,0.63,5.68,4500,28000,18,02124
6890579,BOSTON,0,Car,Gasoline,2008,Honda,0,1,1,1,61.99,23.53,2.63,23.86,3300,22000,25,02127
155802,BOSTON,0,Car,Gasoline,2008,Subaru,1,1,1,0,80.98,22.09,3.67,33.20,3300,22000,23,02114
14748942,BOSTON,0,Car,Gasoline,2002,Bmw,0,0,1,1,10.6,17.51,0.61,5.48,3200,28000,21,02127
11746837,BOSTON,0,SUV,Gasoline,2005,Hyundai,1,1,0,0,34.05,19.89,1.71,15.51,3200,18000,22,02124
15192129,BOSTON,0,Car,Gasoline,2003,Saab,1,1,0,0,21.7,19.97,1.09,9.84,3300,31000,23,02116
133662,BOSTON,0,SUV,Gasoline,2003,Infiniti,0,0,0,1,0,13.61,0.00,0.00,4400,37000,16,02124
5459214,BOSTON,0,Car,Gasoline,1995,Lincoln,1,0,0,0,47.29,13.29,3.56,32.21,4000,39000,18,02124
6762055,BOSTON,0,Car,Gasoline,1999,Nissan,0,0,1,0,26.55,18.42,1.44,13.05,2900,19000,23,02128
1105230,BOSTON,0,Car,Gasoline,2001,Nissan,1,1,1,0,19.37,18.34,1.06,9.56,3000,18000,22,02122
408785,BOSTON,0,Car,Gasoline,2006,Audi,0,0,1,1,22.26,22.60,0.99,8.92,3300,26000,25,02118
12329396,BOSTON,0,Car,Gasoline,2009,Hyundai,0,0,1,1,0,28.81,0.00,0.00,2400,13000,30,02128
9573254,BOSTON,0,Car,Gasoline,2001,Ford,1,1,1,0,12.1,15.84,0.76,6.92,3900,25000,19,02118
2395828,BOSTON,0,Van,Gasoline,2006,Toyota,1,0,0,0,18.5,18.45,1.00,9.08,4200,25000,20,02127
10330340,BOSTON,0,Car,Gasoline,2000,Toyota,0,0,0,1,21.2,18.42,1.15,10.42,3100,21000,23,02116
10411028,BOSTON,0,Car,Gasoline,2006,Honda,1,0,0,0,42.91,19.37,2.22,20.06,3400,30000,21,02127
11715728,BOSTON,0,Car,Gasoline,1995,Toyota,1,0,0,0,0,15.51,0.00,0.00,2900,22000,21,02121
14623017,BOSTON,0,Car,Gasoline,1999,Toyota,1,1,1,0,10.44,23.22,0.45,4.07,2400,14000,29,02116
9393554,BOSTON,0,SUV,Gasoline,2005,Cadillac,0,0,0,1,4.35,12.40,0.35,3.18,5900,65000,14,02110
11299973,BOSTON,0,SUV,Gasoline,2005,Jeep,1,1,1,1,0,15.06,0.00,0.00,3800,29000,17,02124
951731,BOSTON,0,Car,Gasoline,2002,Ford,0,0,1,0,11.91,22.12,0.54,4.87,2600,13000,26,02127
10026880,BOSTON,0,SUV,Gasoline,2006,Toyota,0,0,1,1,17.9,19.89,0.90,8.15,3700,24000,22,02120
4124218,BOSTON,0,SUV,Gasoline,2005,Nissan,0,0,1,1,32.27,14.17,2.28,20.62,4300,26000,16,02125
14412641,BOSTON,0,Car,Gasoline,2009,Toyota,0,0,1,1,60.05,28.81,2.08,18.87,2800,17000,30,02127
9711732,BOSTON,0,Car,Gasoline,2006,Pontiac,0,1,1,1,41.89,19.89,2.11,19.08,3500,22000,22,02127
2296557,BOSTON,0,Car,Gasoline,2000,Porsche,1,1,1,0,9.51,14.71,0.65,5.86,3000,69000,18,02116
7890485,BOSTON,0,Car,Gasoline,2010,Infiniti,1,1,1,1,10.58,20.58,0.51,4.66,3800,40000,21,02128
5834516,BOSTON,0,Car,Gasoline,2000,Volvo,1,1,0,0,15.31,15.52,0.99,8.93,3600,37000,19,02119
8613434,BOSTON,0,Truck,Gasoline,2002,Chevrolet,0,1,1,1,44.68,10.84,4.12,37.33,5700,35000,13,02125
10932571,BOSTON,0,Van,Gasoline,2002,Dodge,0,0,0,1,28.17,11.67,2.41,21.86,4300,21000,14,02128
15279376,BOSTON,0,SUV,Gasoline,2002,Mazda,0,1,1,1,28.85,15.01,1.92,17.41,3500,24000,18,02124
2458158,BOSTON,0,SUV,Gasoline,2001,Ford,1,1,1,1,3.07,12.26,0.25,2.27,4000,35000,15,02116
2500348,BOSTON,0,Car,Gasoline,2004,Mazda,1,0,0,0,15.42,21.26,0.73,6.57,2800,17000,24,02114
2096261,BOSTON,0,Car,Gasoline,1997,Honda,1,0,0,0,9.73,20.76,0.47,4.24,2500,17000,27,02127
15600076,BOSTON,0,SUV,Gasoline,2004,Ford,1,1,1,1,16.74,12.15,1.38,12.47,5700,43000,14,02124
9855111,BOSTON,0,Car,Gasoline,1996,Nissan,1,1,1,0,10.81,21.86,0.49,4.48,2400,14000,29,02128
15356223,BOSTON,0,SUV,Gasoline,2008,Toyota,0,1,1,1,0,20.71,0.00,0.00,3400,23000,22,02111
1860413,BOSTON,0,Car,Gasoline,1997,Dodge,1,1,0,0,19.23,20.76,0.93,8.39,2500,13000,27,02121
3599938,BOSTON,0,Car,Gasoline,2006,Scion,1,1,1,1,18.37,20.79,0.88,8.00,2900,17000,23,02127
13709380,BOSTON,0,Car,Gasoline,2004,Audi,1,1,0,0,30.17,16.83,1.79,16.23,3900,40000,19,02124
11280327,BOSTON,0,Car,Gasoline,1998,Acura,1,1,1,0,33.51,18.83,1.78,16.11,2700,20000,24,02127
7640768,BOSTON,0,Van,Gasoline,2002,Honda,0,1,1,1,33.56,15.84,2.12,19.18,4400,27000,19,02128
2011818,BOSTON,0,Car,Gasoline,2003,Subaru,0,0,0,1,25.77,17.87,1.44,13.06,3300,20000,21,02109
1023896,BOSTON,0,Car,Gasoline,1999,Lexus,1,0,0,0,87.7,16.01,5.48,49.59,3400,31000,20,02125
11226125,BOSTON,0,Car,Gasoline,1994,Honda,0,0,1,1,29.37,18.44,1.59,14.42,2200,14000,26,02124
2133889,BOSTON,0,SUV,Gasoline,2000,Jeep,1,1,1,0,19.61,13.07,1.50,13.58,4000,29000,16,02115
14654186,BOSTON,0,Car,Gasoline,2008,Scion,1,0,0,0,12.34,23.05,0.54,4.85,2900,17000,24,02128
8527747,BOSTON,0,SUV,Gasoline,1997,Ford,0,0,0,1,14.71,11.30,1.30,11.78,3900,23000,15,02120
8782243,BOSTON,0,Car,Gasoline,2007,Dodge,0,0,0,1,0,23.06,0.00,0.00,3000,16000,25,02122
9448936,BOSTON,0,SUV,Gasoline,2001,Jeep,1,1,1,1,31.45,13.07,2.41,21.78,4000,30000,16,02127
5784146,BOSTON,0,Car,Gasoline,2007,Toyota,0,0,0,1,22.38,21.21,1.06,9.56,3500,31000,23,02121
6851487,BOSTON,0,Car,Gasoline,2005,Hyundai,0,0,1,1,26.86,17.72,1.52,13.73,3300,20000,20,02119
12202912,BOSTON,0,Car,Gasoline,2009,Volkswagen,0,0,1,1,38.97,23.05,1.69,15.31,3000,17000,24,02127
6112907,BOSTON,0,Car,Gasoline,2007,Honda,1,1,1,1,42.36,23.06,1.84,16.64,3200,22000,25,02127
15168886,BOSTON,0,Car,Gasoline,2001,Kia,0,0,0,1,0,19.61,0.00,0.00,2500,12000,24,02125
2352820,BOSTON,0,Car,Gasoline,2007,Ford,1,1,0,0,31.78,25.41,1.25,11.33,2600,16000,27,02127
13522774,BOSTON,0,Car,Gasoline,1994,Bmw,0,0,1,1,21.08,14.90,1.41,12.81,3100,31000,21,02128
380374,BOSTON,0,SUV,Gasoline,2001,Toyota,1,1,1,1,27.26,10.62,2.57,23.24,5100,54000,13,02127
8024805,BOSTON,0,Truck,Gasoline,2008,Toyota,1,1,0,0,41.09,14.41,2.85,25.83,5500,30000,15,02122
8647206,BOSTON,0,Car,Gasoline,2002,Honda,0,0,0,1,33.34,19.18,1.74,15.75,3100,21000,23,02128
13148630,BOSTON,0,Car,Gasoline,1995,Toyota,1,1,0,0,89.16,19.94,4.47,40.49,2400,15000,27,02115
14252022,BOSTON,0,Car,Gasoline,2001,Oldsmobile,0,0,0,1,7.17,17.98,0.40,3.61,3000,19000,22,02124
12513241,BOSTON,0,SUV,Gasoline,2004,Chevrolet,0,0,1,0,32.69,14.17,2.31,20.89,4600,32000,16,02122
5383987,BOSTON,0,SUV,Gasoline,2007,Honda,0,1,1,1,56.96,20.29,2.81,25.42,3500,27000,22,02116
9210090,BOSTON,0,Car,Gasoline,2005,Mazda,1,1,1,1,16.69,20.37,0.82,7.42,3100,20000,23,02124
15744707,BOSTON,0,,Gasoline,2005,Chevrolet,1,1,1,0,12.62,12.65,1.00,9.03,5700,29000,14,02125
8247168,BOSTON,0,SUV,Flexfuel,2004,Ford,1,1,1,1,16.83,13.02,1.29,11.70,4500,33000,15,02124
7104603,BOSTON,0,Car,Gasoline,2004,Subaru,1,1,1,1,0,18.23,0.00,0.00,3300,21000,21,02127
535924,BOSTON,0,Car,Gasoline,2006,Ford,1,0,0,0,27.51,19.37,1.42,12.86,3300,22000,21,02114
11626596,BOSTON,0,Car,Gasoline,2007,Honda,0,0,0,1,9.5,26.75,0.36,3.22,2800,21000,29,02113
10144584,BOSTON,0,SUV,Flexfuel,2010,Ford,0,1,1,1,25.54,17.64,1.45,13.11,3500,25000,18,02122
1465618,BOSTON,0,Car,Gasoline,2000,Mazda,0,1,1,1,4.2,19.22,0.22,1.98,2500,16000,24,02128
3773195,BOSTON,0,Car,Gasoline,2001,Honda,1,1,1,1,9.3,23.70,0.39,3.56,2600,17000,29,02125
8121419,BOSTON,0,SUV,Gasoline,2005,Honda,0,1,0,0,40.1,19.89,2.02,18.26,3400,23000,22,02124
3831701,BOSTON,0,Car,Gasoline,2008,Honda,1,1,1,0,19.82,27.85,0.71,6.44,2800,18000,29,02115
4042222,BOSTON,0,Car,Gasoline,1998,Honda,0,0,0,1,45.91,23.07,1.99,18.02,2400,15000,30,02128
86463,BOSTON,0,Car,Gasoline,1997,Honda,0,0,1,1,34.83,20.35,1.71,15.50,2500,16000,27,02122
1531231,BOSTON,0,SUV,Gasoline,2001,Ford,1,1,1,0,11.91,10.84,1.10,9.95,5300,34000,13,02128
1577236,BOSTON,0,Car,Gasoline,2006,Nissan,1,1,0,0,49.26,22.14,2.23,20.15,3100,21000,24,02113
6059645,BOSTON,0,Car,Gasoline,1989,Volvo,1,1,1,1,0,12.82,0.00,0.00,3000,19000,20,02116
3637262,BOSTON,0,Car,Gasoline,2005,Nissan,1,1,1,1,41.68,23.92,1.74,15.78,2500,14000,27,02127
12725638,BOSTON,0,Car,Gasoline,1998,Oldsmobile,0,1,1,1,30.01,16.15,1.86,16.83,3500,21000,21,02121
9647809,BOSTON,0,Car,Gasoline,2005,Ford,1,1,0,0,3.73,18.98,0.20,1.78,4000,26000,21,02127
3090997,BOSTON,0,SUV,Gasoline,2001,Toyota,1,1,1,0,22.78,14.17,1.61,14.56,3600,27000,17,02109
6010455,BOSTON,0,Car,Gasoline,2007,Chevrolet,1,0,0,0,17.37,19.77,0.88,7.96,3600,27000,21,02124
12582768,BOSTON,0,Car,Gasoline,2006,Audi,0,0,1,1,21.06,18.08,1.17,10.55,3600,37000,20,02124
14241715,BOSTON,0,Car,Gasoline,2004,Chrysler,0,1,1,1,28.66,14.76,1.94,17.58,4500,30000,17,02121
13334233,BOSTON,0,Van,Gasoline,2006,Toyota,0,1,1,1,38.44,18.08,2.13,19.25,4200,25000,20,02128
15559421,BOSTON,0,Car,Gasoline,2002,Mazda,0,1,1,1,22.89,20.01,1.14,10.36,2600,15000,24,02125
11238017,BOSTON,0,Car,Gasoline,2003,Nissan,0,1,1,1,19.23,17.02,1.13,10.23,3300,27000,20,02124
11923601,BOSTON,0,Car,Gasoline,2003,Nissan,1,1,1,0,10.02,19.97,0.50,4.55,3000,20000,23,02119
2566465,BOSTON,0,Van,Gasoline,2006,Ford,1,1,1,1,0,12.65,0.00,0.00,5300,25000,14,02118
13906578,BOSTON,0,SUV,Gasoline,2002,Lexus,1,1,0,0,16.66,15.31,1.09,9.85,3900,36000,18,02118
11554689,BOSTON,0,Car,Gasoline,2007,Volkswagen,0,0,0,1,19.07,21.21,0.90,8.14,3300,21000,23,02125
11752138,BOSTON,0,Car,Gasoline,2003,Nissan,1,1,1,1,11.34,19.57,0.58,5.25,3000,20000,23,02120
9037041,BOSTON,0,Car,Gasoline,1998,Dodge,0,0,1,0,15.68,21.19,0.74,6.70,2500,13000,27,02125
7725253,BOSTON,0,Car,Gasoline,1994,Mazda,1,1,1,0,20.56,18.82,1.09,9.89,2400,12000,26,02124
6056721,BOSTON,0,SUV,Gasoline,2002,Acura,1,1,1,0,0,14.46,0.00,0.00,4300,35000,17,02125
14646246,BOSTON,0,Car,Gasoline,2002,Nissan,0,0,1,1,23.89,22.51,1.06,9.61,2600,14000,27,02122
4464581,BOSTON,0,Car,Gasoline,2006,Ford,1,1,1,0,19.56,23.98,0.82,7.39,2700,15000,26,02127
13250203,BOSTON,0,SUV,Gasoline,1998,Chevrolet,1,1,1,1,0,10.00,0.00,0.00,5300,28000,13,02124
9091867,BOSTON,0,Car,Gasoline,1998,Ford,0,1,1,1,31.96,16.15,1.98,17.92,3300,20000,21,02121
7229906,BOSTON,0,SUV,Gasoline,1993,Jeep,1,1,1,0,13.81,11.35,1.22,11.02,3600,21000,16,02124
11058232,BOSTON,0,Car,Gasoline,2007,Toyota,1,1,1,0,24.64,29.18,0.84,7.65,2600,16000,31,02127
13635711,BOSTON,0,Car,Gasoline,2001,Acura,1,0,0,0,31.71,17.51,1.81,16.40,3500,29000,21,02125
7802323,BOSTON,0,SUV,Gasoline,2000,Mercury,1,0,0,0,34,12.26,2.77,25.12,4100,31000,15,02125
4966637,BOSTON,0,Car,Gasoline,2004,Audi,1,0,0,0,26.6,19.49,1.36,12.36,3400,28000,22,02114
3550532,BOSTON,0,SUV,Gasoline,2007,Acura,0,1,1,1,25.59,15.68,1.63,14.78,4600,44000,17,02127
4899175,BOSTON,0,Truck,Gasoline,1994,Toyota,0,1,1,1,31.42,9.93,3.16,28.65,3200,18000,14,02124
4294174,BOSTON,0,Car,Gasoline,2003,Toyota,1,1,0,0,53.57,24.31,2.20,19.96,2700,16000,28,02119
2348514,BOSTON,0,SUV,Gasoline,2008,Honda,0,1,1,0,32.81,17.29,1.90,17.19,4500,33000,18,02128
9494033,BOSTON,0,SUV,Gasoline,1993,Toyota,1,1,1,1,0,9.73,0.00,0.00,4100,22000,14,02128
5745732,BOSTON,0,Car,Gasoline,1999,Nissan,1,1,1,1,24.35,18.05,1.35,12.22,2900,19000,23,02124
14937975,BOSTON,0,Car,Gasoline,2002,Honda,0,0,1,1,14.38,19.18,0.75,6.79,3100,21000,23,02114
13529359,BOSTON,0,Car,Gasoline,2003,Honda,0,0,1,1,20.47,21.27,0.96,8.72,3100,25000,25,02111
8135515,BOSTON,0,Car,Gasoline,2007,Nissan,0,0,0,1,27.12,25.83,1.05,9.51,2900,17000,28,02124
11176672,BOSTON,0,Car,Gasoline,2007,Honda,0,0,1,1,31.6,26.75,1.18,10.70,2800,18000,29,02116
14814710,BOSTON,0,SUV,Gasoline,1999,Toyota,1,1,1,1,0,16.48,0.00,0.00,2900,19000,21,02118
9941225,BOSTON,0,SUV,Gasoline,2008,Toyota,1,1,0,0,12.63,21.13,0.60,5.41,3400,23000,22,02111
9453250,BOSTON,0,SUV,Gasoline,2003,Lincoln,0,0,1,1,46.97,11.91,3.94,35.71,5000,43000,14,02124
15498037,BOSTON,0,Van,Gasoline,2000,Nissan,1,1,0,0,18.65,14.71,1.27,11.48,3900,25000,18,02124
4034928,BOSTON,0,Car,Gasoline,1996,Toyota,0,0,0,1,22.37,15.51,1.44,13.06,3200,26000,21,02125
13515862,BOSTON,0,SUV,Gasoline,2008,Honda,0,0,1,1,46.26,21.65,2.14,19.35,3500,24000,23,02120
400752,BOSTON,0,Truck,Gasoline,2005,Chevrolet,0,0,1,1,48.01,7.97,6.02,54.54,5400,30000,9,02125
12108016,BOSTON,0,Truck,Gasoline,2004,Chevrolet,0,0,0,1,30.2,13.02,2.32,21.00,5700,37000,15,02122
14664978,BOSTON,0,Car,Gasoline,2005,Toyota,1,0,0,0,130.25,22.60,5.76,52.20,3200,21000,25,02121
1648337,BOSTON,0,Car,Gasoline,2000,Mercedes,1,1,0,0,25.3,17.98,1.41,12.75,3700,48000,22,02116
492863,BOSTON,0,Van,Gasoline,2001,Ford,0,1,0,0,5.04,12.51,0.40,3.65,5300,23000,15,02122
9010988,BOSTON,0,Car,Gasoline,2002,Honda,1,1,1,1,0,17.51,0.00,0.00,3300,26000,21,02124
5997340,BOSTON,0,Car,Gasoline,2003,Volkswagen,1,1,1,0,33.48,20.84,1.61,14.55,2900,18000,24,02124
12795254,BOSTON,0,SUV,Gasoline,2000,Toyota,1,1,0,0,17.13,18.79,0.91,8.25,2700,19000,23,02128
10974771,BOSTON,0,SUV,Gasoline,2007,Nissan,1,0,0,0,14.57,16.00,0.91,8.24,4400,26000,17,02127
10133982,BOSTON,0,Van,Gasoline,1995,Ford,1,1,1,1,7.93,10.34,0.77,6.94,4500,18000,14,02128
10054201,BOSTON,0,Car,Gasoline,2001,Honda,0,0,1,1,64.61,23.70,2.73,24.69,2500,15000,29,02125
4047769,BOSTON,0,SUV,Gasoline,2001,Nissan,1,1,1,1,22.77,13.07,1.74,15.77,4000,24000,16,02127
14192366,BOSTON,0,SUV,Gasoline,2006,Toyota,0,0,1,1,13.95,19.89,0.70,6.35,3500,24000,22,02115
12378478,BOSTON,0,Car,Gasoline,2006,Toyota,0,0,0,1,44.49,28.02,1.59,14.38,2600,16000,31,02215
1853592,BOSTON,0,SUV,Gasoline,1999,Isuzu,1,1,0,0,7.07,13.61,0.52,4.70,3900,27000,17,02118
5917193,BOSTON,0,Car,Gasoline,2000,Honda,1,1,1,1,27.6,18.42,1.50,13.57,3100,21000,23,02210
16140756,BOSTON,0,Car,Gasoline,2000,Mitsubishi,1,0,0,0,43.24,17.98,2.41,21.78,3100,19000,22,02125
12269408,BOSTON,0,Car,Gasoline,2008,Nissan,0,0,0,1,28.26,22.59,1.25,11.33,3400,21000,24,02122
15291831,BOSTON,0,Car,Gasoline,2006,Volkswagen,1,0,0,0,10.96,22.14,0.50,4.48,3300,23000,24,02115
2074659,BOSTON,0,Car,Gasoline,2007,Ford,1,0,0,0,21.22,25.41,0.84,7.56,2600,16000,27,02125
5099023,BOSTON,0,Car,Gasoline,1999,Ford,0,0,1,1,4.76,16.48,0.29,2.62,3400,19000,21,02127
16141353,BOSTON,0,Car,Gasoline,1998,Saturn,0,1,1,1,0,19.99,0.00,0.00,2400,13000,26,02124
9111141,BOSTON,0,Car,Gasoline,2001,Toyota,0,1,1,1,16.07,24.51,0.66,5.94,2400,13000,30,02120
10406147,BOSTON,0,Car,Gasoline,2000,Lexus,0,1,1,1,16.63,16.34,1.02,9.21,3400,32000,20,02127
1097414,BOSTON,0,Car,Gasoline,2008,Mercedes,1,0,0,0,22.18,19.21,1.15,10.46,3600,35000,20,02116
14725171,BOSTON,0,SUV,Flexfuel,2002,Chevrolet,1,0,0,0,18.78,11.91,1.58,14.28,5100,36000,14,02116
15655198,BOSTON,0,Car,Gasoline,1995,Ford,1,1,1,0,11.15,16.25,0.69,6.22,3100,19000,22,02127
3526119,BOSTON,0,Car,Gasoline,2004,Bmw,1,0,0,0,29.6,17.72,1.67,15.13,3500,31000,20,02116
6593280,BOSTON,0,Car,Gasoline,2009,Toyota,0,0,0,1,0,28.81,0.00,0.00,2800,16000,30,02128
13401476,BOSTON,0,Car,Gasoline,2006,Lexus,1,1,1,1,0,19.89,0.00,0.00,3700,35000,22,02124
15791993,BOSTON,0,Car,Gasoline,2005,Chevrolet,0,0,1,1,31.41,20.37,1.54,13.96,3400,23000,23,02127
15483791,BOSTON,0,SUV,Gasoline,2005,Toyota,1,1,1,0,25.61,19.89,1.29,11.66,3100,21000,22,02121
10338234,BOSTON,0,Car,Gasoline,2010,Nissan,1,1,1,1,57.28,28.42,2.02,18.25,2900,17000,29,02128
9844688,BOSTON,0,SUV,Gasoline,2002,Ford,0,1,1,1,0,13.34,0.00,0.00,4300,31000,16,02121
6317870,BOSTON,0,Car,Gasoline,2006,Ford,1,1,0,0,15.26,20.29,0.75,6.81,3600,27000,22,02127
4205396,BOSTON,0,Car,Gasoline,1993,Honda,1,0,0,0,0,15.61,0.00,0.00,3100,19000,22,02127
45572,BOSTON,0,Car,Gasoline,2006,Saab,1,0,0,0,21.6,18.45,1.17,10.60,3500,35000,20,02119
8868705,BOSTON,0,Car,Gasoline,1997,Honda,0,1,1,1,58.11,18.09,3.21,29.09,2900,17000,24,02118
3022096,BOSTON,0,Car,Gasoline,2003,Toyota,1,0,0,0,4.99,26.04,0.19,1.73,2500,15000,30,02118
1878835,BOSTON,0,Car,Gasoline,2006,Acura,1,0,0,0,19.67,19.37,1.02,9.19,3600,35000,21,02114
2441867,BOSTON,0,Car,Gasoline,2005,Toyota,0,1,1,1,20.38,27.46,0.74,6.72,2500,15000,31,02118
716608,BOSTON,0,SUV,Gasoline,1999,Nissan,0,1,1,1,0,11.77,0.00,0.00,4100,30000,15,02116
3574444,BOSTON,0,Car,Gasoline,1998,Oldsmobile,0,0,0,1,31.54,16.15,1.95,17.68,3500,24000,21,02122
1765995,BOSTON,0,SUV,Gasoline,2001,Dodge,1,1,1,1,26.32,10.84,2.43,21.99,4600,30000,13,02122
13184740,BOSTON,0,SUV,Gasoline,1995,Jeep,0,0,0,1,26.64,10.13,2.63,23.80,3700,31000,14,02124
7468054,BOSTON,0,Car,Gasoline,2005,Mercedes,1,0,0,0,3.31,17.17,0.19,1.74,3400,35000,19,02125
8588451,BOSTON,0,SUV,Gasoline,2005,Toyota,0,1,1,1,29.26,15.95,1.84,16.62,3900,30000,18,02118
14357599,BOSTON,0,SUV,Gasoline,2001,Honda,0,0,1,1,24.87,17.16,1.45,13.12,3200,23000,21,02121
4074005,BOSTON,0,Car,Gasoline,2004,Chrysler,1,0,0,0,46.14,18.60,2.48,22.46,3100,20000,21,02124
7886365,BOSTON,0,SUV,Gasoline,2002,Toyota,1,1,1,1,11.85,13.61,0.87,7.88,4100,29000,16,02128
5430506,BOSTON,0,Car,Gasoline,2004,Toyota,1,1,1,1,10.97,26.58,0.41,3.74,2500,15000,30,02119
8833971,BOSTON,0,SUV,Gasoline,2009,Honda,1,1,0,0,11.35,18.62,0.61,5.52,4500,32000,19,02124
11461969,BOSTON,0,Car,Gasoline,1997,Infiniti,1,1,1,0,37.26,16.15,2.31,20.89,3100,31000,21,02124
13344799,BOSTON,0,Car,Gasoline,2008,Honda,0,0,1,1,4.29,23.53,0.18,1.65,3400,27000,25,02127
1972418,BOSTON,0,Car,Gasoline,2006,Honda,1,0,0,0,11.51,27.67,0.42,3.77,2800,21000,30,02116
1607361,BOSTON,0,Van,Gasoline,1999,Dodge,1,0,0,0,16.48,13.61,1.21,10.97,4200,27000,17,02118
777002,BOSTON,0,SUV,Gasoline,1997,Chevrolet,1,1,1,1,0,12.81,0.00,0.00,4100,27000,17,02118
8594602,BOSTON,0,SUV,Gasoline,2002,Dodge,0,0,1,1,30.07,11.67,2.58,23.33,4600,32000,14,02124
14223233,BOSTON,0,Car,Gasoline,2002,Buick,0,0,0,1,17.8,17.51,1.02,9.21,3600,25000,21,02127
6743661,BOSTON,0,Car,Gasoline,2006,Toyota,0,0,1,1,20.81,28.02,0.74,6.72,2600,16000,31,02215
12357191,BOSTON,0,Car,Gasoline,2008,Acura,0,0,1,1,24.44,19.77,1.24,11.20,3600,35000,21,02125
9835443,BOSTON,0,Car,Gasoline,1998,Buick,1,1,0,0,4.97,15.69,0.32,2.87,3800,36000,20,02127
7498990,BOSTON,1,Car,Gasoline,2004,Toyota,1,1,1,1,25.34,43.41,0.58,5.29,2900,21000,50,02124
14432390,BOSTON,0,SUV,Gasoline,1998,Mitsubishi,0,0,1,1,22.77,13.07,1.74,15.77,4000,24000,17,02125
780776,BOSTON,0,SUV,Gasoline,2004,Nissan,0,1,1,1,16.06,13.89,1.16,10.47,4100,25000,16,02121
2927846,BOSTON,0,Car,Gasoline,2000,Ford,0,0,0,1,24.88,16.01,1.55,14.07,3500,21000,20,02118
5262042,BOSTON,0,SUV,Gasoline,1996,Chevrolet,0,1,0,0,9.24,12.81,0.72,6.53,4000,26000,17,02118
10093321,BOSTON,0,Truck,Gasoline,2007,Ford,0,0,0,1,0,14.76,0.00,0.00,4700,22000,16,02127
10464289,BOSTON,0,SUV,Gasoline,2004,Toyota,1,0,0,0,34.1,20.37,1.67,15.16,2900,19000,23,02119
4402140,BOSTON,0,SUV,Gasoline,1999,Mitsubishi,1,0,0,0,22.95,12.81,1.79,16.23,4400,32000,16,02124
8092127,BOSTON,0,Van,Gasoline,2001,Ford,0,0,0,1,0,12.26,0.00,0.00,4800,21000,15,02124
7528480,BOSTON,0,Car,Gasoline,2006,Honda,1,1,0,0,39.63,19.37,2.05,18.53,3400,28000,21,02122
4612571,BOSTON,0,Car,Gasoline,1995,Nissan,0,1,1,1,0,15.20,0.00,0.00,3000,23000,21,02121
9590188,BOSTON,0,Car,Gasoline,1994,Honda,0,1,1,1,0,16.31,0.00,0.00,2800,15000,23,02128
13983055,BOSTON,0,Car,Gasoline,2001,Bmw,0,1,1,1,20.5,15.52,1.32,11.96,3500,40000,19,02119
9345643,BOSTON,0,SUV,Gasoline,2004,Toyota,1,1,1,1,51.48,15.06,3.42,30.95,4300,31000,17,02127
7985895,BOSTON,0,Car,Gasoline,2001,Chevrolet,1,1,0,0,5.8,19.18,0.30,2.74,3400,20000,23,02125
593276,BOSTON,0,SUV,Gasoline,2008,Jeep,1,1,0,0,33.01,17.29,1.91,17.29,4200,22000,18,02128
6685998,BOSTON,0,Car,Gasoline,2007,Ford,1,1,1,0,14.73,18.82,0.78,7.09,3300,25000,20,02125
11215985,BOSTON,0,Car,Gasoline,2007,Volkswagen,0,0,0,1,34.21,22.14,1.55,14.00,3500,27000,24,02118
5905584,BOSTON,0,SUV,Gasoline,1998,Dodge,0,0,0,1,12.53,10.77,1.16,10.54,4600,27000,14,02119
10060948,BOSTON,0,Car,Gasoline,2005,Nissan,1,1,0,0,19.84,18.98,1.04,9.46,3400,29000,21,02124
3887461,BOSTON,0,Car,Gasoline,2007,Honda,0,0,0,1,16.36,23.06,0.71,6.43,3200,26000,25,02113
4610292,BOSTON,0,Car,Gasoline,2004,Cadillac,1,1,0,0,26.68,16.83,1.59,14.36,4000,46000,19,02127
1938444,BOSTON,0,SUV,Gasoline,2005,Honda,0,0,0,1,26.02,15.37,1.69,15.33,4400,31000,17,02116
2623786,BOSTON,0,SUV,Gasoline,2006,Chevrolet,1,1,1,0,21.39,14.76,1.45,13.12,5000,30000,16,02122
5792766,BOSTON,0,Car,Gasoline,1999,Ford,1,1,1,0,26.75,21.62,1.24,11.20,2500,12000,27,02124
11161075,BOSTON,0,Car,Gasoline,2006,Scion,1,1,0,0,15.23,27.67,0.55,4.98,2400,14000,30,02124
5139054,BOSTON,0,Car,Gasoline,2008,Honda,1,1,0,0,1.78,28.81,0.06,0.56,2500,15000,30,02115
2603100,BOSTON,0,SUV,Gasoline,2003,Mitsubishi,0,1,1,1,29.49,12.76,2.31,20.93,4200,30000,15,02125
365691,BOSTON,0,Car,Gasoline,2001,Hyundai,0,0,1,0,22.89,20.84,1.10,9.95,2600,13000,25,02124
12550091,BOSTON,0,Van,Gasoline,1996,Dodge,1,1,1,0,10.84,13.57,0.80,7.24,3800,21000,18,02122
3951707,BOSTON,0,Car,Gasoline,1992,Honda,0,1,1,1,0,16.35,0.00,0.00,2800,16000,24,02124
6882845,BOSTON,0,Car,Gasoline,2002,Lincoln,1,1,1,1,206.96,15.01,13.79,124.89,3700,38000,18,02125
11620515,BOSTON,0,Car,Gasoline,2005,Mercedes,0,0,0,1,0,16.83,0.00,0.00,3700,52000,19,02127
14094717,BOSTON,0,Van,Gasoline,1997,Dodge,0,0,1,1,11.92,15.07,0.79,7.16,3500,18000,20,02121
13043458,BOSTON,0,Car,Gasoline,2007,Toyota,1,1,1,1,62.32,28.59,2.18,19.74,2600,16000,31,02128
11774745,BOSTON,0,Van,Gasoline,2005,Chevrolet,1,1,0,0,24.25,18.08,1.34,12.15,3800,28000,20,02125
15402524,BOSTON,0,Car,Gasoline,2000,Nissan,1,1,1,0,21.57,17.16,1.26,11.38,3200,24000,21,02124
11018473,BOSTON,0,SUV,Gasoline,2003,Hyundai,1,1,1,1,26.67,17.36,1.54,13.91,3500,22000,20,02128
306637,BOSTON,0,SUV,Gasoline,2008,Ford,1,0,0,0,40.5,13.45,3.01,27.28,5800,43000,14,02128
2116693,BOSTON,0,Car,Gasoline,2003,Mini,1,1,0,0,25.6,22.57,1.13,10.27,2700,20000,26,02215
9727219,BOSTON,0,SUV,Gasoline,1999,Chevrolet,0,0,1,1,8.99,10.20,0.88,7.98,5300,34000,13,02124
6844165,BOSTON,0,SUV,Gasoline,2006,Jeep,0,1,1,1,21.16,13.56,1.56,14.13,4000,43000,15,02115
11010510,BOSTON,0,Car,Gasoline,2001,Saturn,0,0,1,1,49.25,23.70,2.08,18.82,2500,16000,29,02115
12305554,BOSTON,0,SUV,Gasoline,2004,Acura,1,1,0,0,41.94,15.06,2.78,25.22,4500,37000,17,02128
7839051,BOSTON,0,Car,Gasoline,2002,Toyota,0,0,0,1,3.36,25.01,0.13,1.22,2400,13000,30,02118
13204050,BOSTON,0,SUV,Gasoline,2000,Ford,0,0,0,1,1.37,12.81,0.11,0.97,3900,26000,16,02118
8169399,BOSTON,0,Car,Gasoline,2004,Toyota,0,1,1,1,32.74,20.84,1.57,14.23,3100,21000,24,02127
13796565,BOSTON,0,Van,Gasoline,2005,Honda,1,0,0,0,27.53,17.17,1.60,14.51,4500,29000,19,02128
16143808,BOSTON,0,SUV,Gasoline,2000,Honda,0,0,0,1,13.13,16.82,0.78,7.07,3300,23000,21,02114
10198555,BOSTON,0,SUV,Gasoline,2004,Acura,0,1,1,1,28.97,14.76,1.96,17.78,4500,37000,17,02119
6900870,BOSTON,0,Van,Gasoline,2005,Toyota,1,1,1,1,48.09,16.27,2.96,26.77,4400,36000,18,02119
8804045,BOSTON,0,Car,Gasoline,2008,Ford,1,0,0,0,55.25,26.89,2.05,18.61,2600,16000,28,02128
10845612,BOSTON,0,Car,Gasoline,1997,Chevrolet,1,1,1,1,0,15.83,0.00,0.00,3600,19000,21,02127
14172024,BOSTON,0,Car,Gasoline,2000,Acura,1,1,1,1,21.75,17.16,1.27,11.48,3500,29000,21,02128
632479,BOSTON,1,SUV,Gasoline,2006,Lexus,1,1,1,1,0,23.50,0.00,0.00,4400,47000,26,02116
5716173,BOSTON,0,Car,Gasoline,2006,Hyundai,0,0,0,1,24.49,22.60,1.08,9.81,2800,16000,25,02127
3128993,BOSTON,0,SUV,Gasoline,2011,Chevrolet,0,0,1,1,46.88,19.00,2.47,22.34,5100,34000,19,02128
11732215,BOSTON,0,SUV,Gasoline,2008,Honda,0,1,1,1,20.1,21.65,0.93,8.41,3400,23000,23,02120
9081561,BOSTON,0,Car,Gasoline,2005,Mazda,0,0,1,1,19.86,21.26,0.93,8.46,2800,18000,24,02119
10230957,BOSTON,0,Car,Gasoline,2010,Mercury,0,1,0,0,13.95,26.00,0.54,4.86,3500,25000,26,02128
2069007,BOSTON,0,SUV,Gasoline,1996,Toyota,0,0,0,1,8.9,15.51,0.57,5.20,2700,17000,21,02125
14021907,BOSTON,0,SUV,Flexfuel,2002,Chevrolet,1,1,0,0,0,11.91,0.00,0.00,5100,36000,14,02122
9261350,BOSTON,0,Car,Gasoline,2002,Porsche,0,0,1,1,12.99,15.01,0.87,7.84,3100,81000,18,02116
10575265,BOSTON,0,Car,Gasoline,1992,Toyota,0,0,1,1,8.8,14.31,0.62,5.57,3100,17000,21,02127
9537353,BOSTON,0,SUV,Gasoline,1999,Jeep,1,0,0,0,13.71,12.81,1.07,9.69,4000,35000,16,02127
9825963,BOSTON,0,Van,Gasoline,2005,Dodge,1,1,1,0,27.75,17.17,1.62,14.63,4300,29000,19,02119
15286657,BOSTON,0,Car,Gasoline,2008,Subaru,0,1,1,1,33.09,20.71,1.60,14.47,3400,26000,22,02116
15934355,BOSTON,0,Van,Gasoline,2007,Mazda,1,1,0,0,7.9,19.77,0.40,3.62,3400,20000,21,02122
6425644,BOSTON,0,Car,Gasoline,2002,Hyundai,1,1,0,0,33.01,19.57,1.69,15.28,3100,16000,23,02119
14472071,BOSTON,0,SUV,Gasoline,2004,Nissan,1,1,1,0,28.26,14.17,1.99,18.06,4100,25000,16,02128
6801613,BOSTON,0,Car,Gasoline,1994,Honda,0,0,1,1,0,18.44,0.00,0.00,2200,14000,26,02125
3890770,BOSTON,0,Van,Gasoline,2000,Honda,1,1,0,0,22.21,15.52,1.43,12.95,4200,24000,19,02128
2416184,BOSTON,0,Car,Gasoline,2000,Mercury,1,0,0,0,15.85,15.52,1.02,9.25,3900,23000,19,02124
7559020,BOSTON,0,Van,Gasoline,1997,Dodge,1,1,0,0,29.53,13.84,2.13,19.32,4000,27000,18,02128
8973690,BOSTON,0,Car,Gasoline,2003,Nissan,0,0,0,1,16.54,19.57,0.85,7.65,3000,20000,23,02115
5587744,BOSTON,0,SUV,Gasoline,2004,Cadillac,0,0,0,1,51.09,12.15,4.20,38.07,5900,64000,14,02124
14106365,BOSTON,0,Car,Gasoline,1997,Honda,0,0,0,1,24.3,21.10,1.15,10.43,2400,15000,28,02125
5744379,BOSTON,0,Car,Gasoline,2008,Volkswagen,1,0,0,0,13.8,23.05,0.60,5.42,3300,21000,24,02118
9973048,BOSTON,0,Car,Gasoline,2001,Jaguar,0,0,0,1,9.47,14.71,0.64,5.83,4000,69000,18,02124
10748464,BOSTON,0,SUV,Gasoline,2006,Toyota,0,0,0,1,27.16,16.27,1.67,15.12,3900,31000,18,02122
13591880,BOSTON,0,Car,Gasoline,2003,Chevrolet,1,1,1,0,22.4,18.23,1.23,11.12,3500,25000,21,02124
7965691,BOSTON,0,Car,Gasoline,2004,Mitsubishi,1,1,1,0,6.21,21.26,0.29,2.64,2800,17000,24,02127
1130582,BOSTON,1,Car,Gasoline,2008,Toyota,0,0,1,1,33.89,44.24,0.77,6.94,2900,22000,47,02120
11729508,BOSTON,0,SUV,Gasoline,1999,Jeep,0,0,0,1,24.44,11.77,2.08,18.80,3900,28000,15,02128
14869640,BOSTON,0,SUV,Gasoline,2006,Jeep,1,1,0,0,26.27,15.68,1.68,15.17,4000,30000,17,02124
13058712,BOSTON,0,Car,Gasoline,2000,Nissan,0,0,1,1,17.35,17.62,0.98,8.92,3000,19000,22,02124
12055389,BOSTON,0,SUV,Flexfuel,2003,Ford,1,1,1,1,0,13.61,0.00,0.00,4400,29000,16,02119
4062515,BOSTON,0,SUV,Gasoline,1998,Ford,0,0,1,1,27.26,10.00,2.73,24.69,5000,33000,13,02128
673994,BOSTON,0,SUV,Gasoline,2003,Lexus,1,1,0,0,76.41,15.63,4.89,44.28,3900,38000,18,02127
138127,BOSTON,0,Car,Gasoline,2006,Audi,1,0,0,0,61.36,21.21,2.89,26.19,3700,33000,23,02127
9549460,BOSTON,0,Van,Gasoline,2005,Honda,0,1,1,1,55.65,18.60,2.99,27.09,4500,31000,21,02116
8981259,BOSTON,0,SUV,Gasoline,2004,Dodge,0,0,0,1,26.74,12.15,2.20,19.92,5100,32000,14,02121
15102085,BOSTON,0,SUV,Gasoline,2003,Jeep,0,0,1,0,21.74,13.89,1.57,14.18,4000,29000,16,02122
8855526,BOSTON,0,Car,Gasoline,2005,Toyota,1,1,1,1,33.92,27.46,1.24,11.18,2500,15000,31,02122
8301044,BOSTON,0,Truck,Gasoline,2004,Ford,0,0,0,1,15.59,12.15,1.28,11.62,5500,32000,14,02128
285849,BOSTON,0,SUV,Gasoline,2000,Honda,0,0,0,1,5.55,16.82,0.33,2.99,3200,21000,21,02119
7223206,BOSTON,0,SUV,Gasoline,2007,Jeep,0,0,1,1,25.61,15.68,1.63,14.79,4500,30000,17,02127
4729829,BOSTON,0,Car,Gasoline,2006,Honda,1,1,1,1,0,18.98,0.00,0.00,3400,28000,21,02128
1679227,BOSTON,0,Car,Gasoline,2007,Volvo,0,0,1,1,41.06,21.21,1.94,17.53,3500,32000,23,02127
15926390,BOSTON,0,SUV,Gasoline,2006,Kia,0,0,0,1,9.88,13.56,0.73,6.60,4400,25000,15,02125
9877769,BOSTON,0,Car,Gasoline,1997,Nissan,0,0,1,1,41.8,21.10,1.98,17.94,2300,15000,28,02128
361738,BOSTON,0,Car,Gasoline,2001,Mercury,1,1,1,1,0,16.34,0.00,0.00,3400,22000,20,02124
5439359,BOSTON,0,Car,Gasoline,2004,Honda,1,1,0,0,19.08,19.49,0.98,8.87,3300,24000,22,02127
10327362,BOSTON,0,Car,Gasoline,2004,Honda,0,0,1,0,36.81,19.49,1.89,17.11,3400,29000,22,02124
15219622,BOSTON,0,SUV,Gasoline,2001,Ford,1,1,0,0,12.66,13.34,0.95,8.59,4000,25000,16,02125
9402725,BOSTON,0,Car,Gasoline,2000,Buick,1,1,1,0,25.23,16.34,1.54,13.98,3500,26000,20,02127
11795671,BOSTON,0,Car,Gasoline,1998,Honda,0,0,1,1,19.93,23.07,0.86,7.82,2300,12000,30,02113
2065229,BOSTON,0,Car,Gasoline,2002,Saab,0,0,1,1,3.57,20.01,0.18,1.61,3200,41000,24,02116
3270925,BOSTON,0,Car,Gasoline,1999,Honda,0,1,1,1,12.22,16.48,0.74,6.71,3000,25000,21,02122
6036688,BOSTON,0,Car,Gasoline,2008,Bmw,0,1,1,1,8.53,18.82,0.45,4.11,3900,52000,20,02116
5275262,BOSTON,0,Car,Gasoline,1997,Nissan,0,0,1,1,21.2,16.58,1.28,11.58,2900,19000,22,02124
8721802,BOSTON,0,Car,Gasoline,2001,Saab,0,1,1,1,0,16.34,0.00,0.00,3600,39000,20,02122
9003695,BOSTON,0,Van,Gasoline,2001,Honda,1,0,0,0,58,15.84,3.66,33.15,4300,27000,19,02116
7769091,BOSTON,0,Car,Gasoline,2000,Toyota,1,1,1,1,0,23.22,0.00,0.00,2400,14000,29,02121
3798073,BOSTON,0,Car,Gasoline,2007,Audi,1,1,1,1,75.15,21.21,3.54,32.08,3500,32000,23,02108
8220738,BOSTON,0,Car,Gasoline,1996,Chrysler,0,1,1,1,7.62,14.77,0.52,4.67,3500,20000,20,02128
881522,BOSTON,0,Car,Gasoline,2002,Chrysler,0,1,1,1,18.88,18.34,1.03,9.32,3200,19000,22,02125
15634564,BOSTON,0,Car,Gasoline,2010,Mazda,1,1,1,1,50.18,23.52,2.13,19.32,3300,23000,24,02128
1486014,BOSTON,0,Car,Gasoline,2004,Toyota,0,0,1,1,19.56,27.78,0.70,6.38,2100,11000,32,02120
7386247,BOSTON,0,Truck,Gasoline,2002,Toyota,1,0,0,0,20.68,13.61,1.52,13.76,3700,23000,16,02128
785886,BOSTON,0,SUV,Gasoline,2002,Toyota,0,0,1,1,11.5,18.34,0.63,5.68,2900,18000,22,02121
5442878,BOSTON,0,Car,Gasoline,1999,Chevrolet,0,1,1,1,2.03,16.48,0.12,1.11,3300,20000,21,02119
8673453,BOSTON,0,SUV,Gasoline,2005,Chevrolet,1,1,1,1,31.34,16.83,1.86,16.86,3800,25000,19,02122
13501705,BOSTON,0,Van,Gasoline,2000,Honda,1,1,0,0,11.78,15.52,0.76,6.87,4200,24000,19,02124
15381434,BOSTON,0,Car,Gasoline,2000,Chevrolet,0,1,1,1,4.71,17.62,0.27,2.42,3400,19000,22,02124
7608051,BOSTON,0,Car,Gasoline,2006,Bmw,1,1,1,1,39.7,19.37,2.05,18.56,3600,39000,21,02113
2398527,BOSTON,0,Car,Gasoline,2000,Toyota,0,1,1,1,19.16,18.42,1.04,9.42,3100,21000,23,02125
4294170,BOSTON,0,Car,Gasoline,2001,Toyota,0,1,1,1,8.99,24.51,0.37,3.32,2400,13000,30,02128
9742488,BOSTON,0,SUV,Gasoline,2008,Toyota,1,1,1,1,27.97,20.71,1.35,12.23,3400,23000,22,02124
4574160,BOSTON,0,Car,Gasoline,1995,Honda,0,1,0,0,9.66,20.68,0.47,4.23,2400,14000,28,02128
2177573,BOSTON,0,Car,Gasoline,2002,Hyundai,1,1,1,1,25.92,20.84,1.24,11.26,2600,14000,25,02127
8298007,BOSTON,0,Car,Gasoline,1997,Toyota,1,0,0,0,11.68,19.99,0.58,5.29,2300,14000,26,02124
8478416,BOSTON,0,Car,Gasoline,1991,Honda,0,0,1,1,37.03,14.69,2.52,22.83,2900,17000,22,02128
11609007,BOSTON,0,Car,Gasoline,2007,Volkswagen,1,1,1,0,7.28,22.59,0.32,2.92,3700,32000,24,02114
15814239,BOSTON,0,Truck,Gasoline,1998,Toyota,1,0,0,0,13.82,14.12,0.98,8.86,3400,20000,18,02125
13944778,BOSTON,0,Car,Gasoline,2003,Mazda,0,0,0,1,0,20.42,0.00,0.00,2600,16000,24,02128
4529018,BOSTON,0,Car,Gasoline,2007,Toyota,0,1,1,1,7.56,28.59,0.26,2.39,2600,16000,31,02127
10933083,BOSTON,0,Car,Gasoline,2001,Ford,0,0,0,1,27.25,22.06,1.24,11.19,2600,15000,27,02119
3101767,BOSTON,0,SUV,Gasoline,1995,Ford,1,1,1,1,5.35,11.58,0.46,4.18,4200,28000,16,02124
9193911,BOSTON,0,Car,Gasoline,2008,Honda,1,1,0,0,0,27.85,0.00,0.00,2800,18000,29,02110
7481986,BOSTON,0,Car,Gasoline,1999,Honda,0,1,1,1,27.02,16.48,1.64,14.85,3000,21000,21,02128
13280219,BOSTON,0,SUV,Gasoline,2007,Honda,1,1,0,0,23.89,20.71,1.15,10.45,3500,25000,22,02119
10660607,BOSTON,0,SUV,Gasoline,1995,Toyota,0,0,0,1,9.82,10.13,0.97,8.78,4100,26000,14,02124
8808909,BOSTON,0,SUV,Gasoline,2006,Toyota,1,1,1,1,0,19.89,0.00,0.00,3400,22000,22,02124
12957915,BOSTON,0,Car,Gasoline,2003,Honda,1,0,0,0,18.64,19.10,0.98,8.84,3400,26000,22,02111
14409699,BOSTON,0,Car,Gasoline,2000,Toyota,1,1,1,1,0,18.42,0.00,0.00,3100,21000,23,02119
5714879,BOSTON,0,Car,Gasoline,2004,Volvo,0,1,1,1,20.82,19.10,1.09,9.87,3400,30000,22,02115
12716440,BOSTON,0,SUV,Gasoline,2005,Chevrolet,1,1,1,0,47,13.56,3.47,31.39,5200,43000,15,02128
10036053,BOSTON,0,SUV,Gasoline,1998,Toyota,1,1,1,0,34.86,12.56,2.78,25.14,3900,27000,16,02125
6992650,BOSTON,0,SUV,Gasoline,2005,Jeep,1,1,1,1,0,13.29,0.00,0.00,3900,35000,15,02114
8436664,BOSTON,0,Car,Gasoline,1996,Toyota,1,1,0,0,0,15.83,0.00,0.00,3000,20000,21,02125
6893647,BOSTON,0,Car,Gasoline,2005,Volkswagen,1,1,1,1,24.75,20.37,1.21,11.00,2900,20000,23,02215
13944356,BOSTON,0,Car,Gasoline,2000,Hyundai,1,1,1,1,0,18.42,0.00,0.00,2700,13000,23,02124
7894967,BOSTON,0,Car,Gasoline,2000,Mazda,0,0,1,1,6.21,16.01,0.39,3.51,3200,26000,20,02124
11759049,BOSTON,0,Van,Gasoline,2007,Gmc,0,0,0,1,13.38,12.91,1.04,9.38,5900,28000,14,02119
10789863,BOSTON,0,Car,Gasoline,2010,Subaru,1,1,1,0,35.67,24.00,1.49,13.46,3400,24000,24,02118
8630111,BOSTON,0,Car,Gasoline,2009,Subaru,1,1,1,1,0,22.09,0.00,0.00,3400,23000,23,02127
7198084,BOSTON,0,SUV,Gasoline,2007,Jeep,1,1,1,0,21.7,16.00,1.36,12.28,4500,30000,17,02118
11651851,BOSTON,0,Truck,Gasoline,2003,Chevrolet,0,0,1,1,11.54,13.61,0.85,7.68,4000,25000,16,02125
15495624,BOSTON,0,SUV,Gasoline,2004,Toyota,1,1,0,0,39.14,15.06,2.60,23.54,4300,31000,17,02116
11242131,BOSTON,0,Car,Gasoline,1998,Honda,0,0,0,1,31.33,20.76,1.51,13.67,2500,17000,27,02127
7446129,BOSTON,0,Car,Gasoline,2010,Subaru,0,0,0,1,29.38,23.52,1.25,11.31,3500,25000,24,02116
3951028,BOSTON,0,Van,Gasoline,1998,Dodge,0,0,0,1,0,13.84,0.00,0.00,3800,23000,18,02124
9984896,BOSTON,1,SUV,Gasoline,2006,Toyota,1,1,1,0,29.89,24.90,1.20,10.87,4200,38000,27,02210
6420455,BOSTON,0,Car,Gasoline,2004,Mini,1,0,0,0,173.77,23.92,7.27,65.79,2500,17000,27,02116
405384,BOSTON,0,Car,Gasoline,1998,Honda,1,1,1,1,18.09,16.15,1.12,10.14,3200,25000,21,02119
4556876,BOSTON,0,Car,Flexfuel,2001,Ford,1,1,0,0,17.66,16.67,1.06,9.59,3400,20000,20,02118
1896832,BOSTON,0,Car,Gasoline,2005,Nissan,0,0,1,1,24.61,21.26,1.16,10.48,3000,19000,24,02122
10701186,BOSTON,0,SUV,Gasoline,2009,Toyota,1,1,1,0,14.39,20.58,0.70,6.33,4200,29000,21,02118
15237339,BOSTON,0,Car,Gasoline,2005,Honda,0,0,0,1,15.23,22.15,0.69,6.23,3100,21000,25,02119
11070542,BOSTON,0,Car,Gasoline,2000,Honda,1,1,0,0,4.27,17.98,0.24,2.15,3000,21000,22,02113
14122035,BOSTON,0,Car,Gasoline,1999,Buick,1,1,1,1,15.18,16.48,0.92,8.34,3400,19000,21,02128
1793469,BOSTON,0,Van,Gasoline,2006,Ford,0,0,0,1,67.83,12.65,5.36,48.54,6200,32000,14,02122
14598393,BOSTON,0,Car,Gasoline,1999,Toyota,1,1,0,0,32.82,18.42,1.78,16.14,3100,20000,23,02118
10185435,BOSTON,0,SUV,Gasoline,2009,Ford,0,0,1,1,0,15.37,0.00,0.00,4600,29000,16,02108
13393544,BOSTON,0,SUV,Gasoline,2004,Jeep,1,1,1,1,23.56,13.89,1.70,15.36,4000,32000,16,02127
11831976,BOSTON,0,Car,Gasoline,2002,Honda,1,1,1,0,25.42,24.67,1.03,9.33,2500,16000,29,02128
10347084,BOSTON,0,Car,Gasoline,2008,Toyota,0,0,0,1,46.56,30.12,1.55,14.00,2300,13000,32,02125
10775392,BOSTON,0,Car,Gasoline,2003,Chrysler,0,1,1,1,18.8,17.87,1.05,9.53,3100,18000,21,02124
4313638,BOSTON,0,Car,Gasoline,2007,Toyota,0,0,0,1,45.3,28.59,1.58,14.35,2600,16000,31,02127
8928872,BOSTON,0,Car,Gasoline,1999,Toyota,1,1,0,0,13.75,16.01,0.86,7.78,3200,24000,20,02125
1081597,BOSTON,0,Car,Gasoline,2003,Toyota,1,1,1,1,20.35,25.52,0.80,7.22,2500,15000,30,02120
4692583,BOSTON,0,Van,Gasoline,2001,Nissan,1,1,1,0,19.34,14.17,1.36,12.36,4000,25000,17,02124
5554935,BOSTON,0,Car,Gasoline,2010,Volkswagen,1,1,1,0,130.66,26.00,5.03,45.51,3200,18000,26,02113
13827455,BOSTON,0,SUV,Gasoline,2001,Lexus,1,0,0,0,25.91,15.01,1.73,15.64,3900,36000,18,02118
2828190,BOSTON,0,SUV,Gasoline,1998,Toyota,0,0,0,1,40.9,16.48,2.48,22.48,2800,18000,21,02118
1329899,BOSTON,0,Car,Gasoline,2009,Pontiac,1,0,0,0,60.63,25.48,2.38,21.55,3300,20000,26,02128
319323,BOSTON,1,Car,Gasoline,2008,Toyota,0,1,0,0,21.29,45.14,0.47,4.27,2900,22000,47,02215
13271489,BOSTON,0,SUV,Gasoline,1998,Ford,0,0,1,1,14.71,11.54,1.28,11.55,4100,29000,15,02127
6051988,BOSTON,0,SUV,Gasoline,2004,Jeep,0,0,0,1,42.05,14.76,2.85,25.80,4100,25000,17,02124
10131140,BOSTON,0,Car,Gasoline,2003,Toyota,0,0,1,1,22.88,25.52,0.90,8.12,2500,15000,30,02124
6324876,BOSTON,0,Car,Gasoline,2000,Nissan,0,0,1,1,0,16.82,0.00,0.00,3200,24000,21,02124
1178769,BOSTON,0,Car,Gasoline,1995,Toyota,1,1,0,0,1.23,19.94,0.06,0.56,2400,14000,27,02116
11975367,BOSTON,0,Car,Gasoline,2008,Scion,0,1,1,1,27.85,22.59,1.23,11.16,2900,17000,24,02118
187721,BOSTON,0,Car,Gasoline,2005,Saab,0,1,1,1,8.94,20.37,0.44,3.98,3200,31000,23,02116
4855659,BOSTON,0,Car,Gasoline,2003,Honda,1,1,0,0,29.84,26.04,1.15,10.37,2400,13000,30,02114
12744939,BOSTON,0,Car,Gasoline,2007,Toyota,0,0,1,1,14.52,28.59,0.51,4.60,2600,16000,31,02122
1327986,BOSTON,0,Car,Gasoline,2000,Honda,0,1,0,0,0,18.79,0.00,0.00,3000,19000,23,02127
15987511,BOSTON,0,Car,Gasoline,1998,Chevrolet,1,0,0,0,25.39,16.48,1.54,13.95,3300,19000,21,02128
13572149,BOSTON,0,Car,Gasoline,2006,Chrysler,0,0,0,1,23.42,18.98,1.23,11.17,3100,20000,21,02121
7388079,BOSTON,0,Car,Gasoline,2008,Bmw,1,1,0,0,14.57,19.21,0.76,6.87,3900,52000,20,02116
13461356,BOSTON,0,SUV,Gasoline,2004,Chevrolet,0,0,1,1,0,13.89,0.00,0.00,4600,32000,16,02124
8690134,BOSTON,0,SUV,Gasoline,1998,Ford,1,1,1,1,5.79,11.77,0.49,4.45,4100,29000,15,02124
525429,BOSTON,0,Car,Gasoline,1994,Honda,1,1,1,0,8.7,18.09,0.48,4.35,2800,18000,25,02119
8825285,BOSTON,0,Van,Gasoline,1996,Mercury,1,1,1,1,40.55,13.29,3.05,27.62,3800,24000,18,02128
5478179,BOSTON,0,Car,Gasoline,2000,Volkswagen,0,0,0,1,17.68,18.42,0.96,8.69,2900,18000,23,02125
406914,BOSTON,0,Car,Gasoline,2007,Bmw,0,1,1,1,0,18.45,0.00,0.00,3600,35000,20,02118
13092367,BOSTON,0,Car,Gasoline,1998,Volvo,0,0,0,1,16.21,16.15,1.00,9.09,3200,29000,21,02124
6785537,BOSTON,0,SUV,Gasoline,1998,Toyota,0,0,1,1,19.31,12.30,1.57,14.21,3900,27000,16,02113
242443,BOSTON,0,Car,Gasoline,2007,Toyota,0,0,0,1,53.42,23.06,2.32,20.98,3300,22000,25,02215
6167671,BOSTON,0,Car,Flexfuel,2001,Ford,1,0,0,0,17.17,17.51,0.98,8.88,3300,21000,21,02118
14419080,BOSTON,0,Car,Gasoline,2000,Chevrolet,1,1,1,1,24.62,17.62,1.40,12.66,3300,20000,22,02128
14184387,BOSTON,0,SUV,Gasoline,1998,Toyota,1,1,0,0,6.83,12.56,0.54,4.92,3900,27000,16,02127
11433887,BOSTON,0,Van,Flexfuel,2003,Chrysler,1,1,1,1,31.26,15.31,2.04,18.48,4100,27000,18,02122
11414719,BOSTON,0,Car,Gasoline,2007,Toyota,1,1,1,1,0,23.06,0.00,0.00,3300,22000,25,02115
9909902,BOSTON,0,Car,Gasoline,2008,Mercedes,0,0,0,1,21.85,18.82,1.16,10.51,3600,35000,20,02110
5538284,BOSTON,0,SUV,Flexfuel,2010,Ford,0,0,1,1,83.58,17.64,4.74,42.91,5800,37000,18,02128
10041091,BOSTON,0,Car,Gasoline,1997,Toyota,1,1,1,0,0,17.69,0.00,0.00,3100,20000,23,02124
8000232,BOSTON,0,SUV,Gasoline,2009,Volkswagen,1,1,1,1,24.62,19.21,1.28,11.61,3400,27000,20,02127
964857,BOSTON,0,Car,Gasoline,2004,Hyundai,1,1,0,0,0,17.72,0.00,0.00,3200,18000,20,02124
7069124,BOSTON,0,Car,Gasoline,2002,Toyota,0,1,0,0,15.94,20.42,0.78,7.07,3100,21000,24,02199
8439364,BOSTON,0,Car,Gasoline,2006,Mini,1,1,1,0,0,24.90,0.00,0.00,2500,18000,27,02115
2813324,BOSTON,0,Car,Gasoline,1997,Subaru,1,1,1,1,0,15.83,0.00,0.00,3200,24000,21,02127
10399927,BOSTON,0,SUV,Gasoline,2006,Mercury,0,0,1,1,28.74,13.56,2.12,19.20,4700,36000,15,02124
14018136,BOSTON,0,Car,Gasoline,2000,Honda,1,1,1,1,0,17.62,0.00,0.00,3000,21000,22,02127
3530433,BOSTON,0,Car,Gasoline,2002,Volvo,1,1,1,1,22.74,15.84,1.44,13.00,3600,39000,19,02124
10797956,BOSTON,0,Car,Gasoline,2007,Volvo,0,0,0,1,14.46,17.52,0.83,7.47,3700,37000,19,02108
12657971,BOSTON,0,SUV,Gasoline,2007,Land Rover,0,0,0,1,14.84,12.91,1.15,10.41,5500,58000,14,02116
4373273,BOSTON,0,Car,Gasoline,2006,Honda,1,1,1,0,56.74,23.06,2.46,22.28,3200,26000,25,02116
11744088,BOSTON,0,Car,Gasoline,2001,Hyundai,0,1,1,1,24.83,20.43,1.22,11.01,2600,13000,25,02116
5776614,BOSTON,0,Car,Gasoline,2006,Subaru,1,1,1,0,52.58,17.52,3.00,27.17,3400,32000,19,02128
14046355,BOSTON,0,Car,Gasoline,2004,Acura,0,1,1,1,9.01,18.23,0.49,4.48,3600,34000,21,02115
8418266,BOSTON,0,Car,Gasoline,2006,Mazda,1,1,0,0,23.92,24.90,0.96,8.70,2700,15000,27,02127
15845125,BOSTON,0,Car,Gasoline,2004,Toyota,0,0,0,1,0,21.70,0.00,0.00,3000,18000,25,02125
15486290,BOSTON,0,Car,Gasoline,2003,Honda,1,1,1,1,0,24.67,0.00,0.00,2600,18000,29,02114
10792749,BOSTON,0,Car,Gasoline,2007,Audi,0,1,1,1,43.5,21.21,2.05,18.57,3500,32000,23,02118
15032541,BOSTON,0,Car,Gasoline,1998,Dodge,1,1,0,0,4.57,21.19,0.22,1.96,2500,13000,27,02125
15347333,BOSTON,0,Car,Diesel,1987,Mercedes,1,1,1,0,0,15.08,0.00,0.00,3400,40000,24,02124
9473462,BOSTON,0,Car,Gasoline,2009,Hyundai,1,1,0,0,76.88,29.40,2.61,23.68,2400,13000,30,02128
15456115,BOSTON,0,SUV,Gasoline,2009,Honda,0,0,0,1,33.03,22.09,1.50,13.54,3500,25000,23,02116
11682948,BOSTON,0,Car,Gasoline,1988,Volvo,1,1,1,1,0,12.57,0.00,0.00,3100,20000,20,02118
5555665,BOSTON,0,Car,Gasoline,2002,Toyota,0,0,1,1,25.74,25.01,1.03,9.32,2400,13000,30,02127
12940023,BOSTON,0,Car,Gasoline,2006,Ford,0,1,1,1,19.1,21.69,0.88,7.97,3100,19000,24,02125
8954423,BOSTON,0,Car,Gasoline,2007,Mercedes,0,0,1,1,30.41,18.45,1.65,14.93,3700,51000,20,02122
14407350,BOSTON,0,Truck,Gasoline,2001,Toyota,1,1,1,1,42.31,13.07,3.24,29.31,3700,22000,16,02128
3033764,BOSTON,0,Car,Gasoline,1999,Honda,0,0,0,1,17.58,18.05,0.97,8.82,3000,19000,23,02119
4978123,BOSTON,0,Car,Gasoline,1999,Chrysler,0,0,0,1,39.93,16.48,2.42,21.94,3600,25000,21,02124
5506808,BOSTON,0,SUV,Gasoline,2004,Toyota,0,0,0,1,11,19.97,0.55,4.99,2900,19000,23,02120
10708815,BOSTON,0,Car,Gasoline,2007,Bmw,1,1,0,0,11.43,18.82,0.61,5.50,3600,46000,20,02116
1201453,BOSTON,0,SUV,Gasoline,2005,Mercury,1,1,1,1,29.94,16.27,1.84,16.66,3400,24000,18,02122
13082845,BOSTON,0,SUV,Gasoline,2006,Bmw,0,0,1,1,13.26,14.46,0.92,8.31,4700,43000,16,02127
6134373,BOSTON,0,Car,Gasoline,2008,Nissan,1,1,1,1,34.92,26.35,1.32,12.00,2900,17000,28,02118
5911751,BOSTON,0,Car,Gasoline,2006,Honda,0,1,1,1,7.67,22.60,0.34,3.07,3200,26000,25,02115
13915079,BOSTON,0,Van,Gasoline,2004,Honda,0,1,1,1,43.79,16.49,2.66,24.04,4400,31000,19,02124
13705239,BOSTON,0,Van,Gasoline,2009,Dodge,0,0,1,1,41.94,19.21,2.18,19.77,4300,24000,20,02124
7297988,BOSTON,0,Van,Gasoline,1998,Dodge,1,1,0,0,0,14.12,0.00,0.00,4100,27000,18,02125
9382446,BOSTON,0,Car,Gasoline,2000,Chevrolet,1,0,0,0,3.98,17.98,0.22,2.00,3100,17000,22,02124
15653714,BOSTON,0,Car,Gasoline,1999,Ford,1,1,1,1,0,18.83,0.00,0.00,2800,15000,24,02121
262877,BOSTON,0,Car,Gasoline,1996,Honda,1,1,1,0,0,18.84,0.00,0.00,2900,18000,25,02125
3232550,BOSTON,0,Car,Gasoline,1997,Honda,1,1,1,0,0,14.61,0.00,0.00,3300,25000,19,02122
14463317,BOSTON,0,SUV,Gasoline,2002,Ford,1,0,0,0,146.28,12.76,11.46,103.81,4300,35000,15,02119
824391,BOSTON,0,Car,Gasoline,2008,Mazda,1,0,0,0,20.27,24.01,0.84,7.65,3000,19000,25,02118
1940657,BOSTON,0,Car,Gasoline,1997,Saturn,1,1,1,0,6.43,20.76,0.31,2.80,2300,13000,27,02122
15871183,BOSTON,0,Car,Gasoline,2003,Honda,1,1,0,0,18.97,25.18,0.75,6.83,2600,17000,29,02127
6974625,BOSTON,0,Car,Gasoline,1999,Honda,0,0,0,1,69.64,21.97,3.17,28.70,2500,16000,28,02128
7300688,BOSTON,0,Car,Gasoline,2004,Hyundai,1,0,0,0,13.05,17.72,0.74,6.67,3200,20000,20,02127
737251,BOSTON,0,Car,Gasoline,2000,Toyota,1,1,1,1,0,23.22,0.00,0.00,2400,14000,29,02128
16043113,BOSTON,0,Car,Gasoline,2006,Honda,1,1,0,0,0,27.67,0.00,0.00,2800,18000,30,02114
2862004,BOSTON,0,Car,Gasoline,2000,Hyundai,0,0,0,1,24.26,21.62,1.12,10.16,2200,10000,27,02127
13002819,BOSTON,0,Van,Gasoline,2002,Ford,1,1,1,1,33.45,12.51,2.67,24.22,5400,23000,15,02125
8094763,BOSTON,0,Car,Gasoline,2007,Toyota,0,0,1,1,60.44,25.83,2.34,21.19,2700,17000,28,02128
1165296,BOSTON,1,Car,Gasoline,2007,Toyota,1,0,0,0,9.69,48.00,0.20,1.83,2900,23000,51,02114
13467704,BOSTON,0,Car,Gasoline,2009,Toyota,0,0,1,1,60.54,22.09,2.74,24.82,3900,27000,23,02116
977364,BOSTON,0,SUV,Gasoline,2008,Nissan,0,1,1,1,30.97,15.06,2.06,18.63,4800,32000,16,02124
15328858,BOSTON,0,Car,Gasoline,1993,Oldsmobile,1,1,1,1,0,15.29,0.00,0.00,2900,15000,22,02121
14534740,BOSTON,0,Car,Gasoline,2004,Toyota,1,1,1,0,9.53,26.58,0.36,3.25,2500,15000,30,02118
1378519,BOSTON,0,Car,Gasoline,1996,Honda,1,1,0,0,58.26,21.10,2.76,25.00,2300,14000,28,02118
13724632,BOSTON,0,Van,Gasoline,2007,Chevrolet,1,1,1,1,8.08,12.91,0.63,5.67,6000,29000,14,02115
13563635,BOSTON,0,,Gasoline,1995,Chevrolet,1,1,1,1,46,11.58,3.97,35.97,4200,20000,16,02124
10330522,BOSTON,0,Car,Gasoline,2009,Toyota,0,0,0,1,31.98,28.81,1.11,10.05,2800,16000,30,02118
12284322,BOSTON,0,Car,Gasoline,2003,Honda,0,1,1,1,25.64,24.67,1.04,9.41,2500,16000,29,02118
7464575,BOSTON,0,Car,Gasoline,1994,Ford,1,0,0,0,17.87,15.92,1.12,10.16,3100,17000,22,02118
319491,BOSTON,1,Car,Gasoline,2008,Toyota,1,1,0,0,56.06,45.14,1.24,11.25,2900,22000,47,02127
13877625,BOSTON,0,SUV,Gasoline,2004,Buick,1,1,1,1,34.69,14.17,2.45,22.17,4600,39000,16,02127
7546845,BOSTON,0,Car,Gasoline,2010,Nissan,0,1,1,1,71.01,27.44,2.59,23.43,2700,14000,28,02128
8679705,BOSTON,0,Car,Gasoline,2005,Toyota,0,1,1,1,26.92,27.46,0.98,8.88,2500,15000,31,02124
3845381,BOSTON,0,Car,Gasoline,1999,Honda,1,1,1,1,0,16.48,0.00,0.00,3000,25000,21,02121
638434,BOSTON,0,SUV,Gasoline,2008,Toyota,1,1,0,0,0,21.13,0.00,0.00,3400,23000,22,02124
15450535,BOSTON,0,Car,Gasoline,2001,Ford,1,1,0,0,49.29,15.84,3.11,28.17,3900,25000,19,02118
4336735,BOSTON,0,Car,Gasoline,2007,Volkswagen,0,1,1,1,48.53,21.21,2.29,20.72,3300,21000,23,02113
746108,BOSTON,0,Car,Gasoline,2003,Honda,0,0,1,1,27.28,21.27,1.28,11.62,3000,20000,25,02125
10935459,BOSTON,0,SUV,Gasoline,2002,Ford,0,0,1,1,20.93,11.67,1.79,16.24,5300,34000,14,02120
3213336,BOSTON,0,Car,Gasoline,2005,Honda,1,1,1,1,0,22.15,0.00,0.00,3100,21000,25,02127
11175867,BOSTON,0,Truck,Gasoline,1989,Gmc,0,1,1,1,0,9.62,0.00,0.00,3800,11000,15,02128
12690201,BOSTON,0,Car,Gasoline,1998,Chrysler,0,0,0,1,12.61,16.48,0.76,6.93,3500,25000,21,02121
3185851,BOSTON,0,Car,Gasoline,1998,Honda,1,1,1,0,26.32,21.97,1.20,10.85,2500,16000,28,02116
6907754,BOSTON,0,Car,Gasoline,2007,Toyota,0,0,1,0,28.37,23.53,1.21,10.92,3300,22000,25,02215
3717853,BOSTON,0,Car,Gasoline,2007,Audi,0,0,1,1,35.82,21.21,1.69,15.29,3500,32000,23,02118
7974876,BOSTON,0,Van,Gasoline,2004,Nissan,1,1,1,1,0,16.49,0.00,0.00,4100,28000,19,02109
12747400,BOSTON,0,Car,Gasoline,2002,Nissan,0,1,1,0,28.51,17.02,1.68,15.17,3200,26000,20,02127
8152376,BOSTON,0,Car,Gasoline,2007,Toyota,1,1,1,0,35.59,23.53,1.51,13.70,3300,22000,25,02115
4822760,BOSTON,0,SUV,Gasoline,2003,Buick,0,0,1,1,35.9,15.31,2.34,21.23,4300,31000,18,02119
12239164,BOSTON,0,Car,Gasoline,2005,Chevrolet,1,1,0,0,0,20.79,0.00,0.00,3500,22000,23,02121
6465600,BOSTON,0,Van,Gasoline,1999,Honda,0,0,1,1,0,14.91,0.00,0.00,4200,26000,19,02124
3157581,BOSTON,0,Car,Gasoline,2009,Toyota,1,1,0,0,95.88,29.40,3.26,29.53,2800,17000,30,02115
1832619,BOSTON,0,SUV,Gasoline,2001,Nissan,1,1,1,1,32.66,13.07,2.50,22.63,4000,24000,16,02121
2403635,BOSTON,0,Car,Gasoline,2007,Honda,1,1,1,1,0,23.06,0.00,0.00,3200,22000,25,02124
11716604,BOSTON,0,Car,Gasoline,1998,Nissan,0,0,1,1,30.53,21.53,1.42,12.84,2400,14000,28,02128
9981099,BOSTON,0,SUV,Gasoline,2003,Lincoln,1,1,1,0,55.38,12.15,4.56,41.27,5000,43000,14,02119
13656754,BOSTON,0,Car,Gasoline,2000,Toyota,1,1,1,1,15.9,18.42,0.86,7.82,3100,21000,23,02121
2631087,BOSTON,0,SUV,Gasoline,2000,Jeep,1,1,1,0,7.33,13.89,0.53,4.78,3300,22000,17,02114
15367066,BOSTON,0,Truck,Gasoline,2002,Toyota,0,0,1,1,15.7,17.51,0.90,8.12,2800,12000,21,02122
13966530,BOSTON,0,Car,Gasoline,1994,Honda,0,1,1,1,0,16.31,0.00,0.00,2800,20000,23,02124
15071126,BOSTON,0,Car,Gasoline,2005,Subaru,1,1,1,1,0,18.60,0.00,0.00,3100,26000,21,02116
817465,BOSTON,0,SUV,Gasoline,2008,Toyota,1,1,0,0,26.71,21.13,1.26,11.45,3400,23000,22,02125
13532893,BOSTON,0,Car,Gasoline,2005,Mercedes,1,0,0,0,17.01,17.17,0.99,8.97,3400,35000,19,02115
5636780,BOSTON,0,Car,Gasoline,1998,Nissan,1,1,1,0,59.3,21.97,2.70,24.44,2400,14000,28,02124
651017,BOSTON,0,SUV,Gasoline,2008,Honda,1,1,1,0,53.03,22.09,2.40,21.74,3500,24000,23,02116
14622811,BOSTON,0,Car,Gasoline,1997,Toyota,1,1,1,1,10.37,16.92,0.61,5.55,3300,26000,22,02118
14114095,BOSTON,0,SUV,Gasoline,1999,Dodge,1,1,0,0,0,10.41,0.00,0.00,4500,28000,13,02121
4687661,BOSTON,0,Car,Gasoline,2008,Mazda,0,0,1,1,12.91,25.93,0.50,4.51,2800,16000,27,02124
9925077,BOSTON,0,Car,Gasoline,2006,Mini,1,0,0,0,15.61,24.90,0.63,5.68,2500,18000,27,02113
1943135,BOSTON,0,SUV,Gasoline,2006,Nissan,0,1,1,1,0,14.46,0.00,0.00,4700,31000,16,02128
7030921,BOSTON,0,Car,Gasoline,1999,Honda,1,0,0,0,22.04,18.42,1.20,10.84,3000,19000,23,02114
1509780,BOSTON,0,Truck,Gasoline,2008,Toyota,0,1,1,1,0,16.00,0.00,0.00,4100,25000,17,02122
11356770,BOSTON,0,SUV,Gasoline,2003,Acura,0,1,1,1,19.54,14.46,1.35,12.23,4500,39000,17,02128
6375384,BOSTON,0,SUV,Gasoline,2003,Cadillac,0,0,1,1,35.45,11.06,3.21,29.02,5600,55000,13,02124
2239749,BOSTON,0,Car,Gasoline,1990,Ford,1,1,1,0,0.27,12.02,0.02,0.20,3000,19000,18,02127
13951817,BOSTON,0,Car,Gasoline,2007,Volkswagen,0,1,1,1,0,21.21,0.00,0.00,3300,21000,23,02127
13420565,BOSTON,0,SUV,Gasoline,2007,Honda,1,0,0,0,19.23,20.71,0.93,8.41,3500,28000,22,02119
6293644,BOSTON,0,Car,Gasoline,2001,Hyundai,0,0,1,1,14.21,20.43,0.70,6.30,2600,13000,25,02127
14755936,BOSTON,1,Car,Gasoline,2006,Toyota,1,0,0,0,16.31,47.04,0.35,3.14,2900,22000,51,02109
941906,BOSTON,0,Car,Gasoline,2004,Nissan,0,0,1,1,13.85,17.36,0.80,7.22,3200,23000,20,02127
10505691,BOSTON,0,Van,Flexfuel,2003,Dodge,1,1,0,0,35.17,16.49,2.13,19.31,3900,21000,19,02127
4491394,BOSTON,0,SUV,Gasoline,2006,Toyota,1,1,1,1,26.15,19.89,1.31,11.91,3400,22000,22,02125
4959748,BOSTON,0,Car,Gasoline,2004,Saturn,1,1,0,0,35.57,21.26,1.67,15.15,2700,11000,24,02115
3139060,BOSTON,0,SUV,Gasoline,2002,Ford,0,0,1,1,26.36,13.34,1.98,17.89,4300,31000,16,02127
11446635,BOSTON,1,Car,Gasoline,2007,Toyota,0,0,1,1,32.32,47.04,0.69,6.22,2900,23000,51,02115
6239783,BOSTON,0,Car,Gasoline,2005,Cadillac,1,0,0,0,10.28,16.27,0.63,5.72,4200,54000,18,02127
13334904,BOSTON,0,Car,Gasoline,2001,Toyota,1,1,1,0,18.34,25.85,0.71,6.43,2100,11000,31,02127
13280004,BOSTON,0,Car,Gasoline,2005,Ford,0,1,1,1,25.66,22.15,1.16,10.49,2800,18000,25,02127
4561929,BOSTON,0,Car,Gasoline,2005,Honda,1,1,1,0,53.6,26.21,2.04,18.52,2600,16000,29,02128
12716363,BOSTON,0,SUV,Gasoline,2006,Toyota,1,0,0,0,41.78,20.29,2.06,18.65,3400,22000,22,02125
4065047,BOSTON,0,Car,Gasoline,1998,Honda,1,1,1,0,24,16.48,1.46,13.19,3200,25000,21,02124
16005694,BOSTON,0,SUV,Gasoline,2003,Chevrolet,0,0,0,1,0,12.76,0.00,0.00,4600,33000,15,02116
15261125,BOSTON,0,Car,Gasoline,2004,Toyota,0,0,0,1,3.4,26.04,0.13,1.18,2500,15000,30,02115
12261572,BOSTON,0,Car,Gasoline,2009,Acura,1,1,1,0,24.07,24.50,0.98,8.90,3500,31000,25,02127
3182781,BOSTON,0,Car,Gasoline,2005,Chrysler,1,1,0,0,20.36,16.27,1.25,11.33,4300,35000,18,02119
13226188,BOSTON,0,Car,Gasoline,2005,Mercedes,0,0,0,1,19.97,16.83,1.19,10.75,3700,52000,19,02127
5879282,BOSTON,0,SUV,Gasoline,2005,Toyota,1,0,0,0,4.13,16.27,0.25,2.30,3900,30000,18,02122
15967705,BOSTON,0,SUV,Gasoline,2006,Nissan,0,0,0,1,21.6,17.17,1.26,11.39,4000,31000,19,02122
1251943,BOSTON,0,SUV,Gasoline,2004,Honda,1,0,0,0,23.66,18.60,1.27,11.52,3300,22000,21,02118
1879800,BOSTON,0,Car,Gasoline,2004,Toyota,0,1,1,1,6.88,20.84,0.33,2.99,3100,21000,24,02115
7107288,BOSTON,0,Car,Gasoline,2003,Volkswagen,1,1,1,1,0,20.42,0.00,0.00,2900,19000,24,02109
6064182,BOSTON,0,Van,Gasoline,2006,Toyota,1,1,1,0,0,15.68,0.00,0.00,4300,30000,17,02116
7156718,BOSTON,0,Car,Gasoline,2003,Infiniti,1,1,0,0,36.81,17.36,2.12,19.20,3400,33000,20,02122
13386935,BOSTON,0,Car,Gasoline,2004,Audi,1,1,0,0,24.41,16.83,1.45,13.13,3600,34000,19,02115
5299085,BOSTON,0,Car,Gasoline,2003,Nissan,0,1,0,0,37.46,19.97,1.88,16.99,3000,20000,23,02125
3704977,BOSTON,0,Car,Gasoline,2001,Volkswagen,1,1,1,0,10.47,19.18,0.55,4.94,2900,18000,23,02116
13385785,BOSTON,0,Car,Gasoline,2007,Honda,0,1,1,1,14.17,26.75,0.53,4.80,2700,17000,29,02116
14716577,BOSTON,0,Car,Gasoline,1997,Ford,1,1,1,0,0,16.15,0.00,0.00,3300,22000,21,02121
11692466,BOSTON,0,Car,Gasoline,2004,Chevrolet,1,1,1,0,44.81,23.92,1.87,16.96,2600,13000,27,02124
14073813,BOSTON,0,Car,Gasoline,1996,Saturn,0,1,1,1,22.87,19.94,1.15,10.39,2400,13000,27,02122
5310575,BOSTON,0,Car,Gasoline,2008,Honda,1,0,0,0,37.85,27.85,1.36,12.31,2800,20000,29,02118
15114829,BOSTON,0,Car,Gasoline,1990,Toyota,1,1,1,1,8.44,16.36,0.52,4.67,2400,9000,25,02125
3022251,BOSTON,0,SUV,Gasoline,2001,Honda,0,0,1,1,7.07,17.16,0.41,3.73,3200,21000,21,02121
984254,BOSTON,0,Car,Gasoline,2000,Volkswagen,0,1,0,0,2.17,18.79,0.12,1.04,2800,17000,23,02116
10995452,BOSTON,0,Car,Gasoline,2001,Hyundai,1,0,0,0,7.13,20.84,0.34,3.10,2600,13000,25,02124
12983450,BOSTON,0,Car,Gasoline,2006,Toyota,0,0,1,1,0,28.02,0.00,0.00,2600,16000,31,02122
8778753,BOSTON,0,Car,Gasoline,2010,Toyota,1,1,1,0,11.84,32.00,0.37,3.35,2300,13000,32,02119
2931924,BOSTON,0,Car,Gasoline,2000,Toyota,0,1,1,1,4.89,18.42,0.27,2.40,3100,21000,23,02122
15847599,BOSTON,0,Van,Gasoline,2006,Ford,0,1,1,1,40.4,12.65,3.19,28.91,5300,25000,14,02122
9175037,BOSTON,0,SUV,Gasoline,2001,Gmc,0,0,1,0,16.66,10.84,1.54,13.92,5100,37000,13,02128
12776636,BOSTON,0,Car,Gasoline,2001,Honda,1,1,1,1,50.91,25.33,2.01,18.20,2500,15000,31,02215
14245524,BOSTON,0,SUV,Gasoline,2006,Nissan,0,0,1,1,0,14.46,0.00,0.00,4400,26000,16,02109
2093468,BOSTON,0,Car,Gasoline,2006,Honda,1,1,1,0,29.37,23.06,1.27,11.53,3200,26000,25,02121
6993284,BOSTON,0,Car,Gasoline,2003,Ford,1,0,0,0,57.88,23.44,2.47,22.36,2600,15000,27,02125
7117297,BOSTON,0,Car,Gasoline,2000,Toyota,1,1,0,0,19.14,18.79,1.02,9.22,3100,21000,23,02125
7483272,BOSTON,0,Car,Gasoline,1998,Honda,0,0,0,1,8.58,16.15,0.53,4.81,3200,25000,21,02125
7526954,BOSTON,0,Car,Gasoline,1997,Saturn,1,1,0,0,16.68,20.76,0.80,7.28,2300,12000,27,02128
1036063,BOSTON,0,Car,Gasoline,1998,Buick,0,1,1,1,9.01,16.15,0.56,5.05,3500,26000,21,02121
15183917,BOSTON,0,Car,Gasoline,2006,Toyota,0,0,1,1,34.21,21.69,1.58,14.28,3200,22000,24,02128
11883205,BOSTON,0,Car,Gasoline,2003,Kia,1,1,1,0,30.84,19.97,1.54,13.99,2700,13000,23,02125
6337989,BOSTON,0,Car,Gasoline,2001,Buick,0,1,1,1,22.67,17.16,1.32,11.97,3400,21000,21,02124
7557417,BOSTON,0,Car,Gasoline,1998,Audi,0,1,1,1,36.17,15.38,2.35,21.30,3300,31000,20,02121
14114606,BOSTON,0,SUV,Gasoline,1998,Toyota,1,1,1,1,7.64,16.15,0.47,4.28,2800,18000,21,02127
11083600,BOSTON,0,Car,Gasoline,2001,Toyota,0,0,1,1,13.56,19.61,0.69,6.26,3100,21000,24,02122
2040048,BOSTON,0,Car,Gasoline,2004,Infiniti,1,1,1,1,0,15.63,0.00,0.00,3700,33000,18,02118
3086913,BOSTON,0,Car,Gasoline,2004,Infiniti,0,0,1,0,14.24,16.83,0.85,7.66,3400,33000,19,02118
3348655,BOSTON,0,SUV,Gasoline,2004,Toyota,0,0,1,1,20.6,12.15,1.70,15.35,5300,45000,14,02124
3504017,BOSTON,0,Car,Gasoline,1997,Honda,1,1,1,1,30.61,18.09,1.69,15.32,2900,19000,24,02125
11377657,BOSTON,0,Car,Gasoline,2005,Honda,1,1,1,0,38.95,20.79,1.87,16.97,3300,24000,23,02118
3061447,BOSTON,0,Car,Gasoline,1998,Toyota,1,1,0,0,0.54,22.76,0.02,0.22,2400,14000,29,02215
6754711,BOSTON,0,Car,Gasoline,1997,Toyota,0,0,0,1,0,17.33,0.00,0.00,3100,20000,23,02118
974758,BOSTON,0,Car,Gasoline,2007,Toyota,1,1,0,0,55.87,30.12,1.85,16.80,2300,12000,32,02121
4141275,BOSTON,0,Car,Gasoline,2007,Toyota,0,0,0,1,13.33,21.21,0.63,5.69,3500,26000,23,02121
570659,BOSTON,0,Car,Gasoline,1998,Volkswagen,0,1,0,0,20.66,17.26,1.20,10.84,2700,16000,22,02116
2611298,BOSTON,0,Car,Gasoline,1999,Toyota,1,1,0,0,52.94,23.22,2.28,20.64,2400,14000,29,02127
5558262,BOSTON,0,Car,Gasoline,2006,Toyota,1,1,0,0,6.97,28.59,0.24,2.21,2600,16000,31,02115
12272837,BOSTON,0,Car,Gasoline,1993,Volvo,1,1,0,0,0.59,14.90,0.04,0.36,3200,27000,21,02116
12915378,BOSTON,0,Car,Gasoline,2009,Toyota,1,1,1,1,81.03,24.50,3.31,29.95,3300,21000,25,02128
12392513,BOSTON,0,Car,Gasoline,1997,Nissan,1,1,0,0,9.47,16.92,0.56,5.07,2900,19000,22,02215
13116716,BOSTON,0,Car,Gasoline,2010,Mazda,1,1,1,1,44.06,23.52,1.87,16.96,3300,23000,24,02128
13038411,BOSTON,0,SUV,Gasoline,2006,Toyota,0,1,1,1,29.32,19.89,1.47,13.35,3400,22000,22,02124
2759469,BOSTON,0,Car,Gasoline,2006,Lexus,1,0,0,0,36.85,20.29,1.82,16.45,3700,35000,22,02114
13885674,BOSTON,0,Car,Gasoline,2000,Kia,0,1,1,1,6.67,18.42,0.36,3.28,2500,11000,23,02119
9550630,BOSTON,0,SUV,Gasoline,2007,Honda,1,1,1,1,11.14,15.68,0.71,6.43,4500,29000,17,02125
1432017,BOSTON,0,SUV,Gasoline,2004,Bmw,1,1,1,0,48.1,15.95,3.02,27.32,4000,37000,18,02127
9647658,BOSTON,0,SUV,Gasoline,2006,Acura,1,1,1,0,30.9,15.68,1.97,17.84,4500,41000,17,02116
6633247,BOSTON,0,Car,Gasoline,1998,Honda,1,0,0,0,0,16.48,0.00,0.00,3200,25000,21,02128
7158888,BOSTON,0,Car,Gasoline,2000,Mazda,1,1,1,0,14.81,17.98,0.82,7.46,2900,20000,22,02122
13680702,BOSTON,0,Truck,Gasoline,2003,Toyota,1,0,0,0,27.45,14.76,1.86,16.84,3500,19000,17,02128
13995952,BOSTON,0,Truck,Gasoline,1998,Ford,0,1,1,0,19.24,12.56,1.53,13.88,3900,17000,16,02128
14754997,BOSTON,0,SUV,Flexfuel,2003,Ford,0,1,1,1,33.34,13.61,2.45,22.18,4200,32000,16,02124
8509442,BOSTON,0,SUV,Gasoline,2006,Chevrolet,1,1,0,0,101.77,14.76,6.90,62.45,4500,29000,16,02128
15074894,BOSTON,0,Car,Gasoline,2005,Dodge,0,0,1,1,27.47,18.60,1.48,13.37,3200,21000,21,02118
6934518,BOSTON,0,SUV,Gasoline,2006,Volvo,0,0,1,1,60.06,15.37,3.91,35.39,4500,37000,17,02121
5154157,BOSTON,0,Car,Gasoline,2005,Hyundai,1,1,1,0,10.36,22.60,0.46,4.15,2700,15000,25,02116
14307484,BOSTON,0,Car,Gasoline,2009,Chevrolet,0,0,0,1,0,24.01,0.00,0.00,3400,21000,25,02128
5260960,BOSTON,0,SUV,Gasoline,2006,Infiniti,0,0,1,1,35.78,15.37,2.33,21.09,4300,40000,17,02121
9891194,BOSTON,0,SUV,Gasoline,2005,Mercury,1,0,0,0,22.72,16.27,1.40,12.65,3400,24000,18,02113
1150860,BOSTON,0,Car,Gasoline,2003,Ford,1,1,1,0,15.36,18.23,0.84,7.63,3200,24000,21,02127
1764443,BOSTON,0,SUV,Flexfuel,2004,Ford,0,0,1,1,40.1,13.02,3.08,27.88,4500,33000,15,02124
4083069,BOSTON,0,Car,Gasoline,1998,Bmw,1,1,1,1,0,14.61,0.00,0.00,3500,39000,19,02116
14091164,BOSTON,0,Car,Gasoline,2000,Lincoln,1,1,0,0,21.02,14.71,1.43,12.94,3700,36000,18,02124
6131058,BOSTON,0,SUV,Gasoline,2000,Mitsubishi,0,0,0,1,15.63,13.61,1.15,10.40,4100,29000,17,02128
10676612,BOSTON,0,Car,Gasoline,2000,Nissan,0,0,1,1,13.5,16.82,0.80,7.27,3200,24000,21,02114
7953637,BOSTON,0,Car,Gasoline,2003,Toyota,1,0,0,0,20.1,26.04,0.77,6.99,2500,15000,30,02128
11399894,BOSTON,0,Van,Gasoline,2005,Ford,0,0,1,1,23.15,15.95,1.45,13.15,4300,25000,18,02121
3470505,BOSTON,0,SUV,Gasoline,2000,Lexus,1,0,0,0,39.1,14.71,2.66,24.08,3900,35000,18,02119
1275559,BOSTON,0,Car,Gasoline,2000,Honda,1,1,1,1,0,18.42,0.00,0.00,3100,21000,23,02115
2898914,BOSTON,0,SUV,Gasoline,2004,Jeep,1,1,1,1,48.86,14.17,3.45,31.22,4000,32000,16,02127
7776659,BOSTON,0,SUV,Gasoline,2008,Honda,0,1,0,0,24.74,22.09,1.12,10.14,3500,24000,23,02127
2247985,BOSTON,0,SUV,Gasoline,1998,Isuzu,0,0,1,1,37.05,13.07,2.83,25.66,3700,26000,17,02124
810767,BOSTON,0,Van,Gasoline,2006,Honda,0,0,1,1,17.2,18.98,0.91,8.21,4500,34000,21,02118
10563867,BOSTON,0,Car,Gasoline,2008,Toyota,0,0,0,1,25.07,30.12,0.83,7.54,2300,13000,32,02124
7937298,BOSTON,0,SUV,Gasoline,2002,Cadillac,1,1,1,1,10.93,10.00,1.09,9.89,5600,53000,12,02121
8164667,BOSTON,0,Car,Gasoline,1997,Toyota,0,0,1,1,1.55,19.59,0.08,0.72,2300,14000,26,02125
13958732,BOSTON,0,Car,Gasoline,2007,Honda,0,0,1,1,57.65,23.06,2.50,22.64,3300,26000,25,02124
3483792,BOSTON,0,Car,Gasoline,2001,Toyota,1,0,0,0,7.69,25.01,0.31,2.78,2400,13000,30,02125
5192273,BOSTON,0,Car,Gasoline,2004,Chrysler,1,1,0,0,27.52,18.60,1.48,13.39,3500,27000,21,02127
6573413,BOSTON,0,SUV,Gasoline,2006,Chevrolet,0,0,1,1,13.47,14.46,0.93,8.43,4500,29000,16,02124
8317025,BOSTON,0,Car,Gasoline,2007,Toyota,1,1,1,1,22.02,28.59,0.77,6.97,2600,16000,31,02127
2167408,BOSTON,0,Car,Gasoline,2002,Toyota,0,0,1,0,2.45,20.42,0.12,1.09,3100,21000,24,02127
12749534,BOSTON,0,Car,Gasoline,2001,Volkswagen,1,1,1,0,24.92,19.18,1.30,11.77,3100,23000,23,02124
4517082,BOSTON,0,Car,Gasoline,2001,Subaru,1,0,0,0,6.43,17.51,0.37,3.32,3700,32000,21,02116
9189970,BOSTON,0,Car,Gasoline,1996,Toyota,1,1,1,1,18.5,15.51,1.19,10.80,3000,20000,21,02121
11298754,BOSTON,0,Car,Gasoline,2007,Lexus,1,1,1,1,5.11,20.29,0.25,2.28,3600,34000,22,02124
8491236,BOSTON,0,Car,Gasoline,2007,Nissan,1,1,1,0,0,19.77,0.00,0.00,3600,30000,21,02119
5968357,BOSTON,0,Car,Gasoline,2000,Hyundai,0,1,1,1,15.32,19.22,0.80,7.22,2600,12000,24,02125
9745161,BOSTON,0,Car,Gasoline,2008,Porsche,0,0,0,1,0.53,18.82,0.03,0.26,3400,97000,20,02199
6477504,BOSTON,0,Car,Gasoline,2006,Honda,0,0,0,1,19.98,22.60,0.88,8.01,3200,20000,25,02124
4666355,BOSTON,0,SUV,Gasoline,2005,Honda,1,1,1,0,45.86,18.98,2.42,21.88,3400,23000,21,02128
10259747,BOSTON,0,SUV,Gasoline,1999,Ford,0,0,1,1,270.57,10.20,26.52,240.19,5000,36000,13,02124
7450162,BOSTON,0,SUV,Gasoline,1999,Mercedes,0,0,0,1,27.08,11.77,2.30,20.83,4600,44000,15,02122
847902,BOSTON,0,Car,Diesel,2002,Volkswagen,1,1,1,1,31.37,30.01,1.05,9.46,3000,20000,36,02125
857529,BOSTON,0,Car,Gasoline,2004,Acura,0,0,1,0,13.68,21.26,0.64,5.83,3200,29000,24,02118
11909319,BOSTON,0,Car,Gasoline,1997,Toyota,0,1,1,1,26.85,17.33,1.55,14.03,3100,20000,23,02115
6725324,BOSTON,0,Car,Gasoline,1998,Mazda,0,0,0,1,10.14,18.46,0.55,4.98,2800,17000,24,02128
8124090,BOSTON,0,Car,Gasoline,2005,Toyota,1,1,1,1,17.29,27.46,0.63,5.70,2500,15000,31,02127
